1.334571096489079123e+00,1.177384005222720020e+01
-3.536250607777551291e+00,1.987652315545711446e+01
-5.814098098738925691e-01,1.331319102344027350e+01
7.213063185356640705e-01,1.811287035144341218e+01
2.074252561354067215e+00,1.492175427331856241e+01
-4.621353290145717718e-01,1.527882873181136603e+01
-1.195115113225561743e+00,1.114989608007422284e+01
-7.341861640002751432e-01,1.408131063270552730e+01
-2.518066029331362046e-02,1.550397221269205161e+01
-1.198488459980937004e-01,1.176114779841596736e+01
1.712700145534518992e+00,1.346997120516522450e+01
-1.318823387981635786e+00,1.680115418317434006e+01
-2.526600059563795520e-01,1.825281185198987899e+01
-6.454137288916279580e-01,1.580604627050425748e+01
6.599593040628204399e-01,1.417713866561211411e+01
-3.146538804845189219e-01,1.356733933804299852e+01
2.466450114464986854e+00,1.546798820129018459e+01
6.519192907746940158e-01,1.804528357533901328e+01
-4.796372462743801052e-02,1.377495276919812284e+01
4.214404895076226398e-02,1.320416324182804146e+01
-8.516217586062412304e-01,1.830443138673282988e+01
1.603707601529879678e+00,1.768006667902547591e+01
-8.163655076006840483e-01,1.317663425746749262e+01
1.118371277492758331e+00,1.430289369542721367e+01
-2.125608343688228374e-01,1.341887998216148148e+01
-1.620934473829692135e-01,1.647477546802385007e+01
-1.061901639294944077e+00,1.175272789251601679e+01
1.432828389849630513e-01,1.150773797342562865e+01
-7.092878023416128164e-01,1.644247462490590550e+01
-3.046264549867490068e-01,1.430341576302391360e+01
-7.013381125143802741e-01,1.632489236110141917e+01
-8.777483761939395279e-01,1.405492200676070524e+01
-1.068952992375343802e+00,1.492238083849758112e+01
-1.463605399953093578e+00,1.632089498267240657e+01
1.361295347281671342e+00,1.646950814414229214e+01
8.287067319988178360e-02,1.376494891290947109e+01
6.275700121724739899e-01,1.581694760375846087e+01
-7.632503772691333621e-01,1.707057824913669464e+01
2.076433558223710119e+00,1.552384256284232578e+01
2.222331557041344052e-01,1.294134069941794429e+01
-6.273690301042255113e-01,1.421198898440898262e+01
1.259701864720672582e-01,1.811913672661194852e+01
-1.020633318424730041e+00,1.317737328279010001e+01
-2.633439608109029023e-02,1.408385125075749045e+01
9.900914083239291674e-01,1.824281206001840161e+01
-1.456789306176788923e+00,1.647620778736976632e+01
5.494513782930440099e-02,1.296433018804428627e+01
5.856568677775929599e-01,1.768218624296990171e+01
-3.076230311984977095e-01,1.326257725216684591e+01
2.698843023258151175e-01,1.191489729296606725e+01
1.036133619465165134e+00,1.366815976349241701e+01
-3.064020157475570438e-01,1.295044964971931201e+01
-1.052928947781686997e+00,1.392618824210928707e+01
2.206050225502318163e-01,1.420315676781275016e+01
-7.613026234768511813e-01,1.558426210763518327e+01
-7.369137812893318262e-01,1.481004428641361770e+01
-1.439666652515631196e+00,1.745120629084795638e+01
-6.033867993340695790e-01,1.195896139990381535e+01
1.078041074513321096e+00,1.388313837688433594e+01
-1.468225961476865848e-01,1.282170123806980300e+01
3.118381173795081174e-01,1.520544561905273362e+01
-1.144649472648630928e+00,1.593570463342870625e+01
-6.964015283155985392e-01,1.753210328578893495e+01
-1.153203325622793596e+00,1.526463977038964615e+01
9.111975799296760936e-01,2.002809972275998263e+01
-3.380254472432012713e-01,1.276077433200560129e+01
-4.086259410153568750e-01,1.711481546583240032e+01
1.171986548582322873e+00,1.690607626040954159e+01
-1.701665267519374192e+00,1.443348460730968164e+01
1.172785250463814766e-01,1.417202167929591994e+01
-3.434289585105452236e-01,1.392562206270796210e+01
1.260042096072531426e-01,1.821135312457769118e+01
1.078362288371464750e+00,1.903567993907382316e+01
-2.421950193633172210e-01,1.843680251732624242e+01
-5.639280839210262242e-01,1.587296621202866476e+01
2.197508199252210304e+00,1.295481491581524125e+01
1.957629214833164211e+00,1.417139844384549185e+01
-2.204759245516441368e-01,1.602656200991901514e+01
-9.552728912860644628e-02,1.236966769060766858e+01
1.758246857932166396e-01,1.278514577752972414e+01
-7.434669350231505325e-01,1.150705205125573549e+01
1.275178052627776948e+00,1.266164747335255925e+01
-1.691156121866378426e+00,1.327490863755304140e+01
-3.961922102426921333e-01,1.337614483477285887e+01
3.150371597745362240e-01,1.813596169418368476e+01
1.656706628587338637e+00,1.669465856476408305e+01
5.271351664488138633e-01,1.536982416774267435e+01
3.122304788501647277e+00,1.304472615699975080e+01
-1.301144563425760570e+00,1.473584142175932499e+01
4.383712956997820043e-01,1.302659988749708120e+01
-1.283594075945449164e+00,1.284321692821360195e+01
1.168156668736317405e+00,1.216229969317763882e+01
1.771580146064813510e+00,1.366822362812040481e+01
-5.412020543946306494e-01,1.295587852103860094e+01
-1.133169289727869344e+00,1.241861359083951122e+01
6.831681897865726771e-01,1.350632696834322566e+01
5.272103382614020672e-01,1.592572969372734093e+01
2.401057700569065867e-01,1.465357814871429554e+01
1.575988065118815840e+00,1.642298109780601933e+01
-2.198639781931438775e-01,1.455051905639508902e+01
-4.033336823587794218e-01,1.646538333622267203e+01
-1.168045640527443529e+00,1.283164728063837856e+01
-9.582198753427781379e-02,1.831829933855785697e+01
7.763732175864022089e-01,1.202756086612639841e+01
-7.131655981240569986e-02,1.411687758346847765e+01
1.143432905873157379e+00,1.594650647102647945e+01
1.167241818290494004e+00,1.540849836467521783e+01
6.146260865522189948e-02,1.644305448743146769e+01
-4.240086640611483992e-01,1.556174779491725246e+01
-4.996378479996183009e-02,1.323398054805431201e+01
-9.603276566985742557e-02,1.150647180941069081e+01
-3.183227765980818358e-01,1.601410142667096181e+01
-3.834987183310082925e-01,1.640148730500459706e+01
1.322012717617422339e-01,1.712507066887539864e+01
6.630245863055004296e-01,1.456955816736795839e+01
-1.725777514611254171e-01,1.991674408451998346e+01
2.506579139799330336e-01,1.513440042283871989e+01
8.817246141790251457e-01,1.788715656373696561e+01
1.806791118310527855e+00,1.385542383567881686e+01
7.532496970987017093e-01,1.206078513102679572e+01
1.783687391192763316e+00,1.743001489951793559e+01
-7.393193927697361278e-01,1.290422499476022189e+01
-1.465188821430175592e+00,1.639920676492393170e+01
-5.480928139505851782e-01,1.699706515891421788e+01
-9.837773839556209765e-01,1.456553841342227784e+01
9.050574057838879360e-01,1.282858693415365003e+01
4.889790173437815746e-01,1.526050953600473292e+01
6.971164892295268478e-01,1.349670875672882886e+01
-3.664133940740909590e-01,1.566467077237298788e+01
5.206728923934011988e-01,1.383839963116008498e+01
1.281562389396154744e+00,1.574743454296758216e+01
6.361890412495507796e-01,1.318390012843783055e+01
-7.927745474338301346e-01,1.320298046125638081e+01
-2.685970257533003003e-01,1.463712896901298421e+01
1.949303113428700884e-01,1.220290932407236006e+01
6.939579863816466299e-01,1.387165262692523449e+01
-4.567331965775449087e-01,1.432543375919263440e+01
1.044135109609957146e+00,1.811985535168225780e+01
1.474725250496744300e+00,2.063704954913600886e+01
-2.675537272872188232e-01,1.670744793797940986e+01
-8.318421859966533827e-01,1.407892036370275690e+01
1.281042195887943658e+00,1.375554611779591063e+01
-9.378748950728222900e-01,1.649760021445772651e+01
9.931036327182228562e-02,1.504107438207066316e+01
1.492225723267563975e-01,1.887525690833069092e+01
-1.616479154485325198e-01,1.341435741627768863e+01
5.043456544264048880e-01,1.441014766182171947e+01
-2.017660575462067452e-01,1.411820241584464064e+01
2.318568755116675373e+00,1.325672724863099461e+01
9.868018390669046624e-01,1.416662470880224589e+01
-3.139990864032606299e-01,1.328330638051201973e+01
9.839956760892678567e-01,1.441734299389043095e+01
-1.543150123461598966e+00,1.835329109773346801e+01
-9.776996598055849308e-01,1.443897851031937307e+01
6.990239107921361050e-01,1.523075752783204173e+01
-8.039506059831527107e-01,1.410315758340255599e+01
1.661452829413639476e+00,1.598240894683851465e+01
-3.250714809213248735e-01,1.541062817266911189e+01
8.091767279768339316e-01,1.397558892609233183e+01
2.389827046821203504e-01,1.433811407979075980e+01
5.532898156607201079e-01,1.481886523120614640e+01
-3.500983926750600994e-01,1.973183820630608665e+01
-6.831785215313699311e-01,1.311255619115751259e+01
5.340234630091716950e-01,1.217612730797148046e+01
5.454867284132209893e-01,1.578953245863282007e+01
1.503628290997231387e+00,1.397779232391611970e+01
-1.041442894810137076e+00,1.812272617225409022e+01
-3.198788005149109104e-01,1.955598626594925449e+01
2.200566456165200080e+00,1.615530191721075681e+01
-1.041694800136386406e-01,1.469701399235570705e+01
2.544040528896646669e-01,1.428333675825975391e+01
-7.754837153494008317e-02,1.444269358973094697e+01
-4.950647080090410102e-01,1.578080333748492592e+01
1.677485158718634295e-01,2.337128975880930426e+01
1.018628095704559477e+00,1.604026792319946182e+01
-3.180261861388025135e-01,1.577860000263456186e+01
-1.502088627559329481e+00,1.273724869194132836e+01
-4.346479260636068043e-01,1.801821931044448988e+01
7.234896923867021323e-01,1.829782122814934553e+01
-2.253320465329213818e+00,1.445548182562100692e+01
3.154588635005263875e+00,1.552410537871072549e+01
1.526960310180424663e-01,1.617739868763520050e+01
4.604453775493779211e-01,1.376879703178787651e+01
2.970394268096809398e+00,1.503345595411007807e+01
1.046411674027182714e+00,1.678449174645308517e+01
2.329407797736020580e+00,1.210876332245958764e+01
2.391971057336486628e-01,1.981110037196703644e+01
-8.828999932433296838e-01,1.285111175029008379e+01
8.199276823616650223e-01,1.826885010625859707e+01
-5.298818946206778069e-01,1.374016009957659534e+01
-1.304908824503744125e+00,1.170692005464091068e+01
2.021639531437366966e+00,1.579142509308446307e+01
-1.278024346078656004e+00,1.433654851607650116e+01
2.650890218690316602e-01,1.379135239200135210e+01
-8.006419250915237651e-01,1.562076908548074528e+01
-1.619783852226706289e+00,1.484170948907597776e+01
1.183125389189242149e+00,1.822012708358225552e+01
-1.382980405796153889e+00,1.620992035730132130e+01
-6.282944562280634582e-01,1.486613531572849567e+01
-2.496377377878123305e+00,1.671297343085922904e+01
1.135615363248174470e+00,1.500268185412922506e+01
-6.844382519977471047e-01,1.871106810184248559e+01
1.136866520208958509e+00,1.132710621020188668e+01
8.373089621249909520e-01,1.476381361093941536e+01
1.066778353202147978e+00,1.766339134301125924e+01
-6.177329406560169156e-01,1.345185899450737743e+01
-1.203668745375985116e+00,2.055909718353869664e+01
-1.104862829040621636e-01,1.567795071859346656e+01
3.292071505407063170e-01,1.184901487186670543e+01
-5.287800419551806630e-02,1.608773196783212001e+01
-2.060735503837509253e+00,1.377574082152091961e+01
-1.571523455445481998e+00,1.649676465413521242e+01
1.512499557648300463e+00,1.239051693756618455e+01
-7.557617693918153301e-02,1.765332275177229349e+01
1.613317238694061961e-01,1.310493449180584236e+01
-3.242807351756519796e-01,1.092316160896295507e+01
-3.110112550251056263e-01,1.323663269783190977e+01
1.510216531799223993e+00,1.288041303710338248e+01
-1.199339900462335906e-01,1.400087934878702178e+01
-1.479524032656009069e+00,1.632176073021478757e+01
6.574246384161035461e-01,1.638285063595107260e+01
1.683484865168404010e+00,1.911729202885238976e+01
5.273569805078021089e-01,1.631023679228085754e+01
-6.543458607834291563e-01,1.467907613203254158e+01
-3.465657261228049513e-01,1.218530901991238835e+01
-3.018020185437987890e-01,1.609824615328747299e+01
2.338835337405796633e+00,1.841952888993298387e+01
-4.697449739274160707e-02,1.328205988284788219e+01
9.390398738510892240e-01,1.224534365487515153e+01
3.840186208880012886e-02,1.481121238578113974e+01
9.421966436050149829e-02,1.686561677985099905e+01
-4.176576677712734997e-01,1.393276128085058119e+01
3.846493695835440652e-01,1.321312738842152967e+01
-8.174906834697672764e-01,1.837243678738039421e+01
-7.466906513444719895e-01,1.342034419880201135e+01
8.807259602971336809e-01,1.472117619491653251e+01
-3.677531432713747606e-01,1.950979843401632507e+01
-5.763237080974361604e-01,1.259511332541343265e+01
-1.156539081103101996e+00,1.279523955806230973e+01
-7.727072436914217413e-01,1.634133634674996571e+01
-8.262366289706379874e-01,1.304460204060732664e+01
4.784613233164297652e-01,1.460109691493376971e+01
9.124917087866847298e-01,1.311092430748151472e+01
-3.231503589312863411e+00,1.675763498023593456e+01
-2.009098233763391583e+00,1.974738574572667460e+01
-3.996934073098539764e-01,1.482061471503119066e+01
-6.174268255187393903e-03,1.607749650786776385e+01
-1.381935250677936766e+00,1.212856290600889686e+01
2.863026069094359513e-02,1.152881828118317031e+01
1.252802959580745057e+00,1.198372861405209377e+01
9.468492880257078914e-01,1.465146539460744535e+01
4.472712810655770643e-01,1.475190438413298999e+01
-3.178940039185823019e-01,1.568751993795231314e+01
-4.053009454617130247e-01,1.295790932596653100e+01
6.945874518441140788e-01,1.477335258037076571e+01
9.758655067136011718e-01,1.614362186208393268e+01
7.741180808387734258e-01,1.661710955665343903e+01
-9.145877822794031831e-01,1.339751572805797331e+01
-5.320932670066141901e-01,1.410937935769685581e+01
-4.622868541892188876e-01,1.204538825127043467e+01
-3.787125158600767455e-02,1.312742748667650261e+01
6.023822121811190922e-01,1.573081491535767995e+01
-1.904627370967833855e+00,1.636074675584322335e+01
1.387013630909919026e-01,1.729266446269881641e+01
-1.108968941807052744e+00,1.259935248077973569e+01
5.269751614457849342e-01,1.364821994182961618e+01
2.392917581699032237e+00,1.262921795371835998e+01
1.095194181083969598e+00,1.398466002375135631e+01
-1.542487664410811643e+00,1.643154631792457820e+01
1.521341945028639453e-01,1.210344620870218080e+01
-9.216437249797876027e-03,1.302108608979678550e+01
-1.834625442290424013e+00,1.346113133420680086e+01
-3.312646338319871764e-01,1.470549227239625800e+01
2.533288543704064200e-01,1.479827269292705338e+01
-1.531320017339801387e+00,1.614181070096115178e+01
1.498360875228596178e+00,1.475141917699701644e+01
4.811504933022603403e-01,1.732021870026613541e+01
-1.534038774870016164e+00,1.814282777804369928e+01
9.640056651230271001e-01,1.209635678952974125e+01
-2.242464570101786181e-01,1.427675107061819659e+01
-5.415799207487827227e-02,1.515681617369572720e+01
-9.656891409649734914e-01,1.434393313454087959e+01
-1.036352390226912973e-01,1.420425123960984592e+01
-7.201349587980325484e-02,1.338773121948655387e+01
1.427763383605346714e+00,1.317461142974367760e+01
-7.986804717949825827e-01,1.573055492991203153e+01
1.042285440044671274e+00,1.355593232027699102e+01
8.671374122198606260e-01,1.660444290667207667e+01
-1.486516136328924320e+00,1.883218689854261996e+01
-9.608598637658407604e-01,1.407870596564236365e+01
1.929819616801225379e+00,1.617386855147309532e+01
-6.575751981574442517e-01,1.927882099801257709e+01
-2.251499159359352242e-01,1.419306713561912403e+01
-4.675965240748376495e-01,1.589929761553387166e+01
4.665992283188675760e-01,1.270998376537620089e+01
-7.028613912296891586e-01,1.246992222885470980e+01
-1.872496389266120609e-01,1.446310874044666761e+01
-1.417455531434701488e+00,1.389522915962170302e+01
-8.759170576229651228e-01,1.584256893077318296e+01
1.401732093673543122e+00,1.473682262520630637e+01
-1.066805076234490279e+00,1.230149347977177854e+01
-4.499797908209333119e-01,1.563433228175012424e+01
1.251105197031261440e+00,1.241203237647100011e+01
-2.624882809362551472e-01,1.395656242773438294e+01
-6.674560788494274810e-01,1.676214447529822138e+01
1.417922866261382753e+00,1.259794266589269363e+01
-4.267588350186083401e-01,1.191354198707504963e+01
-8.139568599258424353e-01,1.321171111035492274e+01
-3.230631286501978172e-01,1.439629287277880820e+01
1.010359197448168489e+00,1.173210685447062041e+01
1.059832137319515477e-01,1.396270196687212284e+01
-9.145253819552090491e-01,1.626601548882894122e+01
1.061905011133591259e+00,1.685584382799822123e+01
4.641131557259984275e-01,1.417506587300556298e+01
-1.265962190166353696e-01,1.357106532593195070e+01
-2.040367082724675318e-01,1.566244243527750868e+01
2.316365299102586539e-01,1.414194603526111393e+01
-7.350916676614567269e-01,1.479758910799005989e+01
4.853268074734064519e-01,1.454334052152141155e+01
-8.922455311470098849e-01,1.440087674965921138e+01
1.095903518141832844e+00,1.313333195782645646e+01
4.302401958308457730e-01,1.687213590274854624e+01
-7.968732652017501694e-01,1.812618372755407137e+01
2.098728537874269051e+00,1.324655482550705266e+01
-8.953504623826197273e-01,1.551372870150284555e+01
9.831797670191071425e-01,1.801315924383786538e+01
3.622283251533812143e-01,1.532334374377474617e+01
1.184320390250355404e+00,1.233798921528977566e+01
-1.090714757784598810e+00,1.306592881656278848e+01
9.193125057752262741e-01,1.347064589721774830e+01
1.808158163762699500e-01,1.410382481309685332e+01
1.754891987194165504e+00,1.246321675384035821e+01
-6.981631909954922888e-01,1.471689839477060602e+01
-7.572320902020633904e-01,1.383581061186285055e+01
-8.863035867922672839e-01,1.481084093720939876e+01
-3.831057064972286375e-01,1.497408069201062020e+01
-1.425419914114349318e+00,1.225594946322925693e+01
-1.372017357945493343e-01,1.645930641897848901e+01
-6.986527644568104600e-01,1.566134857719901419e+01
3.240805441475677617e-02,1.717616284952257999e+01
1.231962996530105103e+00,1.185780232073033957e+01
-1.108617063878741815e+00,1.654238462381096042e+01
-4.582232392083293582e-01,1.359127885528264557e+01
6.723951898342008793e-01,1.392561987524308442e+01
2.198863570244722065e-01,1.827808935478382324e+01
1.393016576656348260e+00,1.583994215284598894e+01
-2.236924127164338638e-01,1.468021520526585277e+01
-3.636564668080912166e-01,1.613219686714191070e+01
2.113861236814961408e+00,1.968633949410007844e+01
-1.544176139356972843e+00,1.658487584255975378e+01
-4.797846433489104112e-01,1.444612715746679044e+01
-6.012701368973417670e-01,1.260246624851245301e+01
1.727352859796398965e+00,1.780447892748252769e+01
-1.227801146081164196e+00,1.671907457027027277e+01
2.112755522118975993e+00,1.391170352238409436e+01
1.431686630775963698e+00,1.288862348712480532e+01
2.410625495154508080e+00,1.250105872397616302e+01
-5.249297318832481241e-02,1.386563585512843666e+01
3.369210495026803698e-01,2.001220077550039633e+01
-6.982171429281552877e-02,1.612833463129832268e+01
-2.942425865681898567e-01,1.668519737318926133e+01
-9.591168663620643908e-01,1.706010482896225255e+01
6.235312824564557266e-01,1.740730162095183786e+01
5.728328565445789389e-01,1.335657400708927689e+01
7.741479442995843341e-01,1.598523682279961022e+01
4.797656813474817095e-01,2.329021406600967481e+01
9.869236953674621615e-01,1.544650997975926643e+01
2.296043723944026560e+00,1.481945606450517872e+01
-4.469348887338920329e-01,1.526750778256153041e+01
-3.615045033135961816e-01,1.212159788441055142e+01
-8.657864496175242675e-01,1.226261215750356115e+01
-4.391927634648473133e-01,1.415682554794475578e+01
2.789799610876922742e+00,1.227586271615381719e+01
-6.224407136922370798e-01,1.535534303567780157e+01
-5.251042394130281399e-02,1.178952601422419733e+01
-5.153425724714840728e-01,1.637751578343236147e+01
7.911776756500453756e-01,1.590999102240923690e+01
1.604993753711809745e+00,1.473652394228939144e+01
2.449530631958264926e-01,1.798574416444853341e+01
6.117540398994031348e-01,1.342134627431538263e+01
1.108208498363386224e-01,1.278807126845268272e+01
-1.185513379184248706e+00,1.277291245868549652e+01
5.228819937629851644e-01,1.375302954321614735e+01
-1.637542023840779404e+00,1.380735339397134354e+01
-8.929073149924244834e-01,1.622950953100595939e+01
-2.618270872262519200e-01,1.100961932989898351e+01
8.854490227170799810e-02,1.232676239186148948e+01
-6.718399738763213280e-01,1.427699177340985059e+01
8.178478331273016932e-01,1.647973907754886369e+01
5.975011114454099603e-01,1.366365996709870956e+01
6.910354994887047964e-01,1.407858218294556707e+01
-5.547021043828747056e-01,1.649541329991118488e+01
-4.250437100099130894e-01,1.930746026249654790e+01
-5.849324171234610015e-01,1.355203518356213799e+01
-1.050281824457917734e+00,1.733203314903551018e+01
1.127817156006645678e-02,1.427545299416468616e+01
1.442983506468697996e-01,1.616056258597140527e+01
-1.580033824561055678e+00,1.423849265550031618e+01
3.530563949468616958e-01,1.378939542744664948e+01
1.839776278958796599e-02,1.605559279801980921e+01
7.772522989669751192e-01,1.604309060444152024e+01
-3.331032712442623667e-01,1.416634821243335907e+01
3.128771563500766795e-01,1.219027302414732006e+01
-2.985517660026280606e-01,1.261440615560563039e+01
1.737526332769725457e-01,1.319384042614017538e+01
-1.183446724626947333e+00,1.444325733811758283e+01
-1.515030951371788781e+00,1.389890178608671256e+01
2.125540290744248606e-01,1.450157670462056103e+01
-9.658748837676542909e-01,1.668816765620223208e+01
-2.744276999892542035e-01,1.718631418397227861e+01
-1.564090655541752750e-01,1.463188007632989951e+01
7.927666258100948271e-01,1.247165762149280788e+01
-5.065541112567351067e-01,1.572199572710689885e+01
-8.724309637908380655e-01,1.304461959223144341e+01
-2.525668803961514386e-01,1.268204512862583755e+01
-5.759792493938348246e-01,1.553268941494790134e+01
5.639029189639015449e-01,1.957360635909683566e+01
-3.227219209546431933e-01,1.779894011641811602e+01
5.007900028985200480e-01,1.383958256900753803e+01
-1.942970837891833336e+00,1.243116378867727612e+01
1.925327278777589024e+00,1.551716828557479744e+01
-1.195991046501231558e+00,1.555544158859060566e+01
-8.345155248397414516e-01,1.539561349967229731e+01
-1.950494849855075152e+00,1.336442311530485760e+01
7.714181747986512683e-01,1.806576546533897698e+01
-5.091093592510382848e-01,1.353037302680663956e+01
6.817968537375914684e-01,1.562049993585327989e+01
-7.087489662464760976e-01,1.372847948084988623e+01
-4.278855510480764068e-01,1.344524888800892626e+01
4.031687027131063417e-01,1.313421552616143195e+01
8.330030679733603227e-01,1.238202404170167981e+01
-4.241524104590325694e-01,1.503365178487239184e+01
-5.511856661277677594e-01,1.855973606070159576e+01
-3.743686180635703575e-01,1.198250097336699760e+01
1.643524833417340791e-01,1.379321807424885549e+01
-1.035203954676893634e+00,1.404049317282672149e+01
-6.107001920472177048e-02,1.810304724596980464e+01
5.079106686733937670e-02,1.962226608142383455e+01
1.114399399575307203e+00,1.323333704773295416e+01
-1.502670321889274963e+00,1.504560901365111825e+01
-6.630081080492320478e-01,1.582987520285990968e+01
8.943412168663196216e-01,1.448452672628270221e+01
9.057846188512410635e-01,1.443010041825241174e+01
-3.478232516553929621e-01,1.566658628470995041e+01
-1.153176280959865352e+00,1.259051123857285504e+01
-1.421158769755878737e+00,1.186105668516002787e+01
1.366343775867035204e-01,1.361660059177408222e+01
7.573518560737736438e-01,1.736655350729282787e+01
-4.971190184875563522e-01,1.390410978579441803e+01
-6.559057800118670012e-02,1.235030245900861523e+01
-4.155380207812298110e-01,1.742389241483105167e+01
-1.534722530437923727e+00,1.293260552197411783e+01
-1.208745223929242441e+00,1.192982424967822475e+01
-5.608822634801269302e-01,1.592452131351192790e+01
5.104873714446611643e-01,1.412243482073965950e+01
-1.756776302800967970e+00,1.343688705725649513e+01
-6.934048913300335792e-01,1.296054413916578163e+01
-7.858943886724049088e-01,1.599624515922071843e+01
6.066489666878351755e-02,1.178550968966899504e+01
2.338696738551261298e-02,1.820642928171870523e+01
-5.092667308260078185e-01,1.272932642209364218e+01
1.262744868082537497e+00,1.518481752142385588e+01
-1.288211673519360723e+00,1.416451663611659306e+01
-7.495036925391596050e-01,1.395757821337587323e+01
-1.002088499303715130e+00,1.637469794490325015e+01
1.477608372693638428e+00,1.338047120220569575e+01
-1.224102751101659781e+00,1.395808171354534366e+01
-1.902274274922697517e+00,1.528798266972013131e+01
2.438845960456474393e-01,1.571872408276960620e+01
3.398199107007936481e-01,1.257047996258038403e+01
1.063593183152114069e-01,1.468161525143094970e+01
5.620611698219261099e-01,1.378996544943533742e+01
7.436663121520356023e-01,1.479645544995178952e+01
-1.787007311634952744e-01,1.495565050971736376e+01
-1.249592244077882275e-01,1.385246576951620057e+01
-6.967397104018747678e-01,1.507369535147294926e+01
1.621912341371587463e+00,1.444091818831678609e+01
1.067065034772814031e-01,1.442601885259151828e+01
4.761840969003499069e-01,1.263007466206181562e+01
-5.639776323449504636e-01,1.582356127275115654e+01
-2.830082144376253606e-01,1.284372589289048960e+01
1.409200938469639786e+00,1.614362480732346583e+01
-1.338701644074816066e+00,1.756281591889169036e+01
-3.270684020344604703e-01,1.472282772399773165e+01
-2.712827950958867848e-02,1.469211921025038592e+01
-4.273074714242428018e-01,1.425677149318718051e+01
7.318860866018149780e-01,1.807393759477248096e+01
3.481057010380648187e-01,1.761925774665789390e+01
-2.189211949762646547e+00,1.183434330865301121e+01
-1.951998536339029644e-01,1.472566265328645585e+01
1.148687953657127503e+00,1.170452580788788310e+01
-7.260820313970571815e-01,1.486730442131873531e+01
-4.068557693251607654e-01,1.168634465051127158e+01
2.412413450300692208e+00,1.138924425030301535e+01
2.070503503472721274e+00,1.493279276555339585e+01
-5.542014936531211022e-01,1.879991539398292844e+01
-5.011430716559686083e-01,1.447441060085597897e+01
-2.103593756829685857e-01,1.631603452751739525e+01
7.888212705697354721e-02,1.587694157638426518e+01
5.146587823772693637e-01,1.499375213693573272e+01
2.268177740831265055e-01,1.264475282746581541e+01
3.759097929732248544e-01,1.427462839014769358e+01
1.434786152903872569e+00,1.447751998162338971e+01
4.628814998108695677e-01,1.459283602435849048e+01
7.148549651280624584e-01,1.794616104549131208e+01
-8.671974152766241672e-02,1.394615452291582791e+01
7.717205404470589558e-01,1.442619107319988814e+01
1.223712904113023470e+00,1.518050371145140787e+01
5.473858980029374655e-01,1.824099704266204469e+01
1.674834320020519352e+00,1.372426957354692512e+01
4.391584834832549800e-01,1.369725250952561701e+01
3.629619194844381225e-01,1.887820011042746415e+01
-2.357065187371494286e+00,1.836489309198912068e+01
6.333794867979219978e-01,1.369150867148418627e+01
4.861345879253898411e-02,1.649239585390566631e+01
1.067155766993211907e+00,1.638225663977982904e+01
-7.706068721269351274e-01,1.290341047517566153e+01
4.519498023292145006e-01,1.487015876173892437e+01
9.215793793812696588e-01,1.386328526643513293e+01
1.222717361537300151e+00,1.667947431420710558e+01
4.721177945411463295e-01,1.426311030984592065e+01
7.331494933603397435e-01,1.346423234739562780e+01
-5.528242075914229225e-01,1.293055605939536967e+01
-1.580180622246759592e+00,1.316634481538844526e+01
-3.170718218296487700e-01,1.411127356329721039e+01
-9.576259189161778415e-03,1.785140660593771145e+01
5.526687977416544495e-01,1.539285294510687052e+01
-2.317309700969379271e+00,1.250671817183465251e+01
1.960291261403807939e+00,1.395412687273003094e+01
1.687809961760174282e+00,1.390446667629906408e+01
4.308869569386485909e-01,1.288972563867123533e+01
2.413888448621680227e-01,2.202904241660140272e+01
7.214873406042821014e-01,1.753066798468876542e+01
-2.956942489949340169e-01,1.512645324502132382e+01
-1.117847156330240566e+00,1.395902104851428760e+01
1.926399801665726330e-01,1.407248445186985819e+01
1.061724347655649048e+00,1.142795900408398424e+01
-8.291991031019562142e-01,1.264371036606018883e+01
5.828008176777088600e-01,1.523562461308123162e+01
1.472955268465268308e-01,1.702378570219006804e+01
-2.023287521630783736e+00,1.428860579786906548e+01
-5.626112853623487231e-01,1.442119681798442521e+01
-9.655407310964616574e-01,1.711377136464004067e+01
-1.049662124938922414e+00,1.621940802768851597e+01
-6.156805138295694535e-01,1.646587138166904651e+01
-2.228624282543349988e+00,1.400685166656019298e+01
5.592679659739897557e-01,1.561147344591061170e+01
-1.744931382704060230e+00,1.520084951411882201e+01
-4.530491892854812686e-01,1.486932124228896512e+01
2.058629859218358504e+00,1.498257007183100598e+01
2.045421044992478343e+00,1.644920532687067904e+01
8.814349550861706462e-01,1.311178892973301480e+01
-3.156337246193652857e-01,1.295350920076884549e+01
7.344415032464624016e-01,1.286609138989289924e+01
-5.666551696996984244e-01,2.051426912385434065e+01
-4.047584108808723324e-01,1.509276703349674520e+01
-4.368006553228674371e-01,1.351425875638863872e+01
-2.507109462323912741e+00,1.804416919174591882e+01
9.187024357051518653e-01,1.282424611475103049e+01
3.253904219249354468e-01,1.544711680227932149e+01
-1.550170233405214537e+00,1.129319081785347834e+01
-5.431202788757570898e-01,1.192771289298899617e+01
-6.755759880979708698e-02,1.584527484718603318e+01
-8.931786042269865833e-01,1.538367443256617051e+01
-1.878047232458256999e-01,1.448015394029999925e+01
6.577926489223309137e-01,1.717032048810900235e+01
6.904039506064718612e-01,1.342760479275957763e+01
-1.597512925995918723e-02,1.523281188506452644e+01
3.084508994010818905e-01,1.726234394805892336e+01
2.606931164862430483e-01,1.491942874550092668e+01
9.277086346327340083e-01,1.227823218358469326e+01
-6.228101018543830136e-01,1.415509417792928915e+01
6.749177337192749926e-01,1.451639767860077868e+01
-7.225390120987086329e-01,1.722112898881868759e+01
4.325834142607613009e-01,1.810592876992428302e+01
-3.448576615388447841e-01,1.364809658797194203e+01
1.324641592192250972e+00,1.442287324962022055e+01
1.534548298005870892e+00,1.497267082675833549e+01
-2.430900710346618254e+00,1.356473328272992696e+01
6.604036040223660864e-01,1.459365743615636646e+01
6.384773805492760523e-01,1.592702926562940746e+01
-1.230020384841582493e+00,1.390996939556093359e+01
-1.429961756311867616e+00,2.211871215680326941e+01
6.151257523510699210e-01,1.543198645255057500e+01
-1.127072106699729126e+00,1.461824025773325886e+01
-8.459444271548646199e-01,1.775561627393024722e+01
-1.126868806580479276e+00,1.432138981582760806e+01
7.198470080592312970e-01,1.441039096797785035e+01
-1.794231061617373557e+00,1.207764509314408841e+01
-2.782236109157057768e+00,1.336416060136149397e+01
1.679809503150978683e-02,1.435728399327211591e+01
-1.471461510826410912e-01,1.317171479788385824e+01
1.936300500806645841e+00,1.678918486036188540e+01
1.857545867883488022e-01,1.565607689992400253e+01
1.195009800135697242e+00,2.523684267682075699e+01
-9.345777227503521134e-01,1.533841518295876227e+01
-6.500838043544631129e-01,1.503843760136073193e+01
2.403760912733318988e-01,1.591343827250052101e+01
8.133358756268344036e-01,1.841647335460113055e+01
8.554680551304871816e-01,1.651231773947376524e+01
-4.359319220408889861e-01,1.439124802381341439e+01
1.722018692883887425e+00,1.541200105617333627e+01
1.545817999362851802e-01,1.080782195072649721e+01
5.121337135264408813e-01,1.317727931340183289e+01
-1.540714752609767979e+00,1.195444745935396291e+01
6.555434461239556532e-01,1.265297296776462410e+01
2.738300475884657414e-01,1.648219671352474336e+01
2.164917859285614421e-01,1.918220279375254833e+01
8.039697795330943420e-01,1.439718192240499661e+01
2.078483631375584451e-01,1.212100020109038923e+01
-4.182106314689978954e-01,1.398590090694787591e+01
-1.113937440449825678e+00,1.191761634544599957e+01
-8.565231628659318586e-02,1.402232788788222351e+01
3.891922760312988561e-01,1.232312228547171173e+01
1.131622124824491094e+00,1.254695922685348641e+01
7.448838036582873245e-01,1.269807801067912578e+01
-6.564753054501011320e-01,1.358108399511643682e+01
7.728105824669843082e-01,1.356998565519192645e+01
-5.125548825044878853e-01,1.367888894007453260e+01
-1.000699092003953572e+00,2.252614874124787292e+01
-8.909030178763219787e-01,1.492587624607086383e+01
-2.060677553851114396e+00,1.465667494899745904e+01
-9.749377925521364174e-01,1.817952282644567674e+01
6.777205843454177092e-01,1.267186060415706628e+01
1.436874640934423075e+00,1.337170275727496360e+01
4.194187586521728739e-01,1.622776419651402691e+01
9.841506909691613014e-01,1.326471333249049067e+01
-1.058819224837916906e+00,1.517398492203194671e+01
-7.546966596517483694e-01,1.793658415343866608e+01
4.244733593941658056e-01,1.702690792559961963e+01
5.803244478455004129e-01,1.242376485450555457e+01
-1.177144496552856578e+00,1.692945057634021566e+01
-5.339973858512603311e-01,1.408360877875220751e+01
-7.564891835970354306e-01,1.727424800275840866e+01
-2.127297984190682278e+00,1.838682109531350051e+01
-5.045261790530995993e-01,1.468271842864205468e+01
-1.053256631863372705e+00,1.662944574006013809e+01
4.707243041369707504e-01,1.296976196656687819e+01
2.878890717293541152e-02,1.464122846560470315e+01
1.343003266211422186e+00,1.314431246425325739e+01
-1.451451450643686858e+00,1.559558841062278134e+01
1.361606124576745680e+00,1.483007602314335927e+01
-1.312435722120207648e-01,1.331486385015485574e+01
-7.131965282707027898e-01,1.380846562826729951e+01
5.854442818513785340e-01,1.248682081739615057e+01
9.592454502061269483e-01,1.698578987131784501e+01
-1.290171049395059555e+00,1.463642808558955544e+01
9.871819496124455418e-01,1.362100971678538208e+01
-9.490329281565951236e-02,1.651387939270195204e+01
-1.683722649634726398e+00,1.614071674790527311e+01
1.324990739120411654e+00,1.721630621601579136e+01
-9.764409854015368984e-01,1.623405137633917406e+01
-2.866362220113137238e-01,1.520252474717241498e+01
-7.561182283140684968e-01,2.036752872101098433e+01
-7.172568564151926562e-01,1.581991228290089602e+01
-1.118497858139069434e+00,1.532932101840077266e+01
1.795338605618783945e-01,2.051765962644442354e+01
9.829887448804125460e-01,1.754697156181164530e+01
6.790716324539665116e-01,1.448794430512034737e+01
-8.765649834245214933e-01,1.170353107374594437e+01
-1.552072274970832666e+00,1.374138422948163374e+01
-9.162553279101055548e-01,1.950773273834541754e+01
1.330434331378813173e+00,2.502097176086713048e+01
-5.316133010902965306e-02,1.333360811064454410e+01
-8.238175612334217579e-01,1.499121496221649252e+01
8.871044856105093912e-02,1.288924166965697715e+01
1.319387307271838949e+00,1.612217749613161999e+01
-2.324458096016420949e+00,1.530110143521420696e+01
1.879997427958522316e+00,1.390713087275150883e+01
-5.407324971167746241e-01,1.815741246675459308e+01
7.684621471953441141e-01,1.400306247240519042e+01
6.005829980055402695e-01,1.324675471778287239e+01
-2.448685261307891103e+00,1.466779687131649901e+01
-1.533381858021019672e+00,1.331442194021748548e+01
8.891762819394068984e-01,1.714634775939298095e+01
-2.149350825917878183e+00,1.288401147216867315e+01
1.147657041043311232e-01,1.833795811312738522e+01
1.705364094337400660e+00,1.977230280471469825e+01
-1.911888171283772642e-01,1.558419090800896001e+01
5.762351806572701962e-01,1.219253032101832090e+01
8.300814529499805916e-01,1.623897173167561547e+01
1.801928788188973174e+00,1.665914676350619317e+01
1.994072925659502171e-01,1.770082119637532614e+01
1.804475558687383074e+00,1.307682273682108587e+01
-1.022384478597195168e+00,1.180815973403660557e+01
-1.565141494928012911e+00,1.548925977979296675e+01
-1.402490025787311856e+00,1.906959944123235218e+01
-1.402792474600005335e+00,1.640160745210954829e+01
-3.819921446812433730e-01,1.279569628339978493e+01
-2.218599014113444012e-01,1.420000942655759246e+01
2.204300989550024514e+00,1.590603045484663447e+01
-3.745201669046095416e-01,1.495188711905213097e+01
-1.294394779718794686e+00,1.464436616601807195e+01
-2.927259262358345437e-01,1.520536583626616078e+01
6.845948430959434283e-01,1.510793089650269749e+01
4.475903376310337300e-01,1.375149240718001309e+01
8.943756388287343873e-01,1.252804945073961562e+01
1.774831300803485057e+00,1.419426602891463496e+01
2.303614167219386610e-01,2.215064823165958074e+01
-8.303660944531767729e-01,1.249826677133927788e+01
1.226087977103208077e-01,1.424216081834346070e+01
5.175954843394359184e-01,1.433769798422174446e+01
3.506898738738675192e-01,1.572514931822145456e+01
-9.379282307521752404e-01,2.024505131719079998e+01
-3.500349732849461493e-02,1.231956028745880616e+01
-1.196691825101477702e-01,1.307314392472229514e+01
5.921487209664141327e-01,1.589712015559595848e+01
1.146047831211788770e+00,1.204587950271457508e+01
-3.987087176718110970e-01,1.237833323315349077e+01
1.529847943819386158e+00,1.640454635210971901e+01
-1.109581256324814413e+00,1.707227267538388560e+01
-6.505444145354130070e-01,1.209734100512014798e+01
4.869562457390099186e-01,1.711111684443606862e+01
-5.151985640938405026e-02,1.098210712013052337e+01
1.302609483305876281e-01,1.567488337389497488e+01
-1.336501547592473527e+00,1.368619499868725065e+01
7.807835855283328241e-01,1.432025930767137822e+01
-5.826165458983025847e-01,1.449914868522109757e+01
-4.478563597398042134e-03,1.644081128372413758e+01
6.527109341701612388e-01,1.432457338844257677e+01
-9.026438805114114228e-01,1.537569487684210046e+01
6.751795014750392454e-01,1.736861926179428295e+01
-9.176530461890447521e-01,1.439567139398100792e+01
1.060058381966853640e-02,1.486414285015484182e+01
2.911665545891110041e-01,1.262216030610895956e+01
6.383996430590265225e-01,1.783348873768277798e+01
3.456255033155712364e-01,1.613358377285513967e+01
-7.947291098339118731e-01,1.834435138472093740e+01
3.554870647864779021e-01,1.553029046474107844e+01
3.222739400038147628e-01,1.507043051865651151e+01
9.027479375566026532e-01,1.809590642855182097e+01
1.032646981524087265e-01,1.511817114630797931e+01
4.732024553075775408e-01,1.397622445832105242e+01
-2.207141144534590538e+00,1.472815836456796035e+01
-6.719413373293956493e-01,1.412647941711131594e+01
-9.674463562372096481e-01,1.577071616057054371e+01
1.696767324980791997e-02,1.335873289966603750e+01
-6.609819896162834052e-01,1.414865784963313189e+01
9.207435933275962547e-01,1.414680890896552334e+01
-2.343590249475941134e-01,1.425078004497671813e+01
-4.877805281448280295e-02,1.443028440105182852e+01
5.199438181064748310e-01,1.212675569230080086e+01
2.957060400198439076e+00,1.579714536421459670e+01
2.452736655525858289e+00,1.488985802648911871e+01
7.758116491745461474e-01,1.270670179567330393e+01
2.512225581569650146e+00,1.364602069062338607e+01
1.597596004790639013e-01,1.460133251038013036e+01
1.135129139700007672e-01,1.224499814146212984e+01
-3.676750299223692231e-01,1.234185377369292524e+01
-1.856100867440873409e-02,1.492237155571864093e+01
-2.044821734831760718e-01,1.412821526387230442e+01
4.688150247144414196e-01,1.358674295002651178e+01
1.955976386163325587e-01,1.179959168591800278e+01
1.041575691112468949e+00,1.383499915551618287e+01
-1.104817831280850537e+00,1.163110457889270144e+01
-4.831478637267678372e-02,1.532492099648116124e+01
5.476017167775445449e-01,1.717930274673164348e+01
-1.002901205442478627e+00,1.426873072467106596e+01
1.295307483381948066e-01,1.353785428142222358e+01
-2.045452576224217278e+00,1.449745913738620118e+01
-2.380787510639288396e+00,1.778077308437801562e+01
1.066648961360797454e+00,1.311267187870331874e+01
-1.394950249124342952e-03,1.730095334096101922e+01
-1.760761770115011338e+00,1.428291670204188968e+01
3.415019023453454983e-01,1.713202042987315110e+01
3.412995755729518743e-01,1.248859684466061992e+01
-4.575073346546723041e-01,1.385224777544059549e+01
-1.234520237868939052e+00,1.377656687080979836e+01
1.340118695429510509e-01,1.471065278968726808e+01
2.110610151943800084e+00,2.256810912823913995e+01
1.394634198062861374e+00,1.473046190931543009e+01
-9.302770800575401733e-01,1.315095511961455266e+01
-3.034538174555962975e-01,1.618284645804431321e+01
-4.587711544152138221e-01,1.534175268132476688e+01
-6.084779618788018762e-01,1.530917267108826252e+01
1.013191883024735063e+00,1.313399655647427089e+01
6.050993553652107559e-01,2.306630921139277746e+01
-1.194955332140037685e+00,1.259019628420566228e+01
-3.091315089632590274e-01,1.611270002028765802e+01
-8.790523325041575964e-01,1.329455597589281801e+01
3.305784120913873303e-01,1.491741314495254755e+01
1.076925941431376016e-01,1.388550524527294172e+01
2.725711522770767892e-01,1.624854069683187774e+01
-1.116399469480702455e+00,2.093367195177913587e+01
6.574179429059017199e-01,1.784880685701082825e+01
2.810118467470370529e-01,1.630086271389401986e+01
-4.910998917960718302e-01,1.988714665628027944e+01
-1.051210188384571920e+00,1.570527397820816873e+01
1.515323990029589840e+00,1.218590611778301103e+01
6.688979519371376359e-01,1.437184203243067060e+01
-1.095196897069442565e+00,1.508079930592146667e+01
-5.219567952024823931e-01,1.484477204715165044e+01
-8.916959124758577770e-01,1.293096197148132198e+01
-4.313037963083711790e-01,1.163863726248461461e+01
5.651132303488367453e-02,1.371928489084478819e+01
-1.247457233436156249e-02,1.815252403308130624e+01
-8.625886387877720329e-01,1.682846605356422032e+01
-5.828974743296420069e-01,1.377792289547898719e+01
1.618994288497136225e+00,1.529326463585934448e+01
1.693318714388326596e+00,1.565449172424814428e+01
-8.658642839949771686e-01,1.613120559268828913e+01
-3.487102233174967925e-01,1.474765217798906036e+01
-7.136848560664187380e-01,1.342348833441706368e+01
-1.322065190493860731e+00,1.458360708820244511e+01
3.155577625570873956e-01,2.320230419610735595e+01
1.793306374774165768e+00,1.346502525636226011e+01
2.511108225810062544e-01,1.402603707911196196e+01
-1.417772947706114284e+00,1.640616388470486697e+01
5.559715604055289612e-02,1.333194423964337005e+01
-6.836975834831582333e-01,1.999189106032433472e+01
-2.524912260523167612e-02,1.515408303165451542e+01
9.066557608887213515e-01,1.167266444738969078e+01
-1.016272540071846975e-01,1.530773110588154573e+01
-1.578608000091355601e+00,1.295839499423255781e+01
1.397122485188868612e+00,1.869953215639993616e+01
-4.456816622736368139e-01,1.250388507703490326e+01
-4.794774375628340080e-01,1.261796306597188710e+01
-3.825051517079565699e-01,1.540561615733126288e+01
5.205630354458673503e-01,1.333239890419346807e+01
-7.459892048457211766e-01,1.539614426646746281e+01
1.515584136537240889e+00,1.323469845432113878e+01
1.669055673372466853e+00,1.984402733288869314e+01
-6.071960334471978582e-01,1.131216071338846518e+01
5.085276666601332707e-01,1.475439250638926403e+01
1.186843888355991750e+00,1.187115925404213002e+01
8.422679954624513465e-01,1.349322517765464369e+01
6.732838577993640605e-01,1.622594349667684099e+01
2.302705473803739356e+00,1.400690144301944429e+01
-4.185351319914313306e-01,1.693600367568889453e+01
-1.702294978700928718e+00,1.243048220916410074e+01
-1.802792686619034024e+00,1.118283521007452386e+01
-1.759270837765969930e-01,1.655869080002479876e+01
-2.796534569360797917e+00,1.571541805860311314e+01
1.692986818939022253e+00,1.567866490265264545e+01
2.199421136876203164e-01,1.426792756596667822e+01
2.678703367104968702e+00,1.737857992544506303e+01
1.068865956693529018e+00,1.325805609465248480e+01
-2.099444864678595979e-01,1.746070054206414213e+01
-1.782235630197622211e-01,1.710773701331716978e+01
1.541625668254156034e+00,1.339560835025139873e+01
-1.709513116189480542e+00,1.370386947036680780e+01
5.177317890018950930e-01,1.914582693415702153e+01
7.311271437162547571e-01,1.356924541147796859e+01
8.396320336284889274e-01,1.465309664806246914e+01
-1.995905992719079869e+00,1.528328350344121134e+01
-6.166972727087091100e-01,1.623455654921706071e+01
3.320849460643571782e-01,1.659143521462014093e+01
-4.843829733651260905e-01,1.446719442410546819e+01
-4.184674025815182108e-01,1.834718173188417722e+01
2.627408821157123930e-01,1.787856363696815620e+01
1.338913867007823333e+00,1.289933383073691253e+01
-8.842708588826417859e-01,1.189283226169036567e+01
1.567379936128549534e-01,1.292994388460499877e+01
1.292309004037194009e-01,1.417425153016585782e+01
5.904320289845816916e-01,1.417542081659596676e+01
-8.457752759045550350e-01,1.574656076064341015e+01
-1.689936368541057055e-01,1.833116499332707861e+01
-1.008773796459431438e+00,1.460944344625061220e+01
-4.090745599622616635e-01,1.415176077181814662e+01
1.486323747242146442e+00,1.718622474878786122e+01
-2.832948074563490515e-01,1.735950248605347923e+01
-3.569584367690628035e-01,1.906707199179527379e+01
-1.218925359737193181e+00,1.382054228792348383e+01
2.144555398061429377e-02,1.612620487618513465e+01
-4.443324291074081667e-01,1.790056992449915541e+01
4.816129720980616979e-01,1.387221209552038559e+01
8.512113207426119654e-01,1.565034906493534805e+01
-1.892513256997950810e-01,1.819743261552143565e+01
-4.278190678352958298e-01,1.304965325212929272e+01
3.920128262192033586e-01,1.273446149386341730e+01
-1.427344082659103286e+00,1.580814881015224316e+01
1.163521617291711774e+00,1.785165801512315298e+01
1.673648986110849668e+00,1.561034352224804067e+01
9.650718103457639474e-01,1.286981106990275059e+01
-9.145590931805007706e-01,1.511003488514760562e+01
5.217201578470225254e-01,1.335676483639944223e+01
1.480167301125550949e+00,1.623103309742274192e+01
1.966742588952131277e+00,1.557195558524717072e+01
3.205680109984497261e-01,1.202351080244806347e+01
-5.841649765994003651e-01,1.554620669871298411e+01
-9.051892656095984480e-01,2.026001244122634404e+01
9.826250148731063838e-01,1.409037144161025878e+01
-9.461797709865339412e-01,1.466767483295899765e+01
1.199018272481347180e+00,1.105522597516033478e+01
2.030845544067325925e-01,1.243568759718406547e+01
2.917512565423610593e-01,1.563820090092902504e+01
1.146062039900529461e+00,1.518080932453457876e+01
-6.346353939752423789e-01,2.036363617265418924e+01
-7.027571524865984520e-02,1.724664136581089124e+01
2.028033026274568051e+00,1.359671374698888080e+01
-1.188002531094454861e+00,1.348073454812053562e+01
-6.212688253236117036e-02,1.410514370719717370e+01
3.917240142856265317e-01,1.378062453511055629e+01
-2.807913926725217335e-01,1.630381225928389810e+01
1.331019053511470096e+00,2.069509993306699158e+01
-5.980705756014970120e-01,1.391864198772099748e+01
-1.321975382151826084e+00,1.373991586090610895e+01
1.247063040571988246e+00,1.261663501563732481e+01
-8.936675385334237331e-01,1.195126846121248398e+01
4.009857876362925566e-01,1.378385936708255244e+01
-2.027141418719150823e-01,1.416304546190789893e+01
-1.540515363728178766e+00,1.599990748499891069e+01
1.343635143426150647e-01,1.532259542175778400e+01
3.160985176591805668e-01,1.247483351443292854e+01
2.902896148605765281e-01,1.569264410259777520e+01
-1.227048516094963126e+00,1.981657431478750198e+01
-6.611883108882596893e-01,1.248174417879579678e+01
-6.422914470080152149e-01,1.341200344310864878e+01
-4.612355391596931198e-02,1.287636371899433740e+01
8.926037079937547691e-01,1.599481437357337299e+01
-1.863852893500289598e-01,1.707654669388936952e+01
6.008137938879027917e-01,1.420724640576858455e+01
-3.692645914910264865e-02,2.128305789700372586e+01
1.541711998490457258e+00,1.356059189164218104e+01
-1.181168772202920936e+00,1.502051071248165925e+01
-1.084593956264769954e+00,1.380339598752411767e+01
3.992589799931415273e-01,1.693721041497961011e+01
-7.742754296211874498e-01,1.301440399190456532e+01
-9.375261335504199434e-02,1.252710012185457700e+01
7.192697729101836801e-01,1.194118763789090742e+01
-2.705618472401358332e+00,1.207630808561618174e+01
1.934821350545467000e-01,1.309021945311363311e+01
-4.993694344878035069e-02,1.406801453979117156e+01
-2.026092867353448845e+00,1.466337867108602566e+01
-1.365533937029169732e-02,1.250612242551817843e+01
1.046851010910480495e+00,1.184255655494826875e+01
-3.967644072910678915e-02,1.408601474038565016e+01
-6.508105688586548476e-01,1.533188871658567187e+01
-8.728158741504395968e-01,1.783390322840526210e+01
1.947743655460759324e-02,1.486055683919412829e+01
-9.322995210804796429e-01,1.593730460508437474e+01
2.821666891738891514e-01,1.524966891048312689e+01
-1.385584357853025361e+00,2.084968958486813762e+01
-8.106368846628784208e-01,1.694386161399384250e+01
-7.591879605318748725e-01,1.730893331144967462e+01
8.936656690011472726e-02,1.537309986067917222e+01
-3.952804299271024946e-01,1.573248607643009578e+01
1.304247517162129555e-01,1.323113061792628997e+01
1.745481917376526526e-01,1.869502355631125212e+01
1.272006699592280077e+00,1.225867147298452586e+01
4.895174706596564507e-01,1.507765039010652686e+01
-1.055627824238114743e+00,1.563750946752628579e+01
2.091073449527383055e+00,1.218466174170422534e+01
-1.203746430965373371e+00,1.629261522474494939e+01
-1.032126824454043801e+00,1.437004036928891715e+01
2.301586484882682526e-01,1.327069309581540857e+01
-1.546184614522462530e-02,1.635965159867907914e+01
-7.594786535409729922e-01,1.176241504439862595e+01
5.524855722760729261e-03,1.258103527829228696e+01
-9.365116911890474238e-01,1.236309975955542662e+01
4.201482571278624678e-01,1.856917568492280779e+01
-5.428244370652275386e-01,1.226641420145759476e+01
1.421177105911475003e-01,1.455647079919890530e+01
-3.661180413235454179e-01,1.649550112853792072e+01
7.518566744135366520e-01,1.527327680709617930e+01
1.733554347230584769e+00,1.648074338339710110e+01
5.725205976658755969e-01,1.284013842287014384e+01
3.333908750622103789e-01,1.769810855194494792e+01
2.047642208555452648e+00,1.515335841251541815e+01
6.482794408876226822e-01,1.862749741805956916e+01
4.646498136510820443e-01,1.696697900855749808e+01
-1.020389175235588031e+00,1.447990162635437805e+01
1.534370755842272782e+00,1.578799762939160445e+01
-3.291146626927183849e-01,1.233710201452966082e+01
6.507247079817764235e-02,1.855631746258182702e+01
7.859649333430132057e-01,1.445359618259235823e+01
4.395132717383390397e-01,1.991418958360122815e+01
-1.157723072073147952e-01,2.165999710254010679e+01
-1.012310790955419648e+00,1.148473461843543397e+01
-1.813004941992237606e+00,1.563143248535272889e+01
-7.394672052884193603e-01,1.402294563740262490e+01
1.294342820259009319e-01,1.678301466461566349e+01
4.023130286171610615e-01,1.439184675959402071e+01
8.678846918691999202e-01,1.849364691304656105e+01
1.428485704772609388e+00,1.169861576297534000e+01
-9.782315495622533330e-01,1.318867594732174631e+01
-2.184079417773148624e+00,1.535551389889567631e+01
7.693981643951341987e-01,1.331467528771424469e+01
-1.040933792608420116e+00,1.078312464244243785e+01
3.218008664375976990e-01,1.301897639427970788e+01
-1.477146527723083524e+00,1.709762577310174692e+01
-1.108384580423713128e+00,1.332709007563936865e+01
-1.194354118594085801e+00,1.370277320711075575e+01
-6.050798088833495569e-01,1.330416671546557872e+01
8.765298487950620165e-01,1.429366165708488978e+01
-2.189606470060283971e+00,1.423919352431935081e+01
-1.221857165854879801e+00,1.641515295467364766e+01
6.546423062366378831e-01,2.375029606511414926e+01
5.211840697895770980e-01,1.672072242579339019e+01
-6.444808983980616635e-01,1.625194664783328591e+01
-1.087589985067116682e+00,1.211366964875944774e+01
6.465733113390688125e-01,1.255187766871176436e+01
-4.228050230033978951e-01,2.157475780917729935e+01
-2.919629816978466241e-01,2.114193653622461966e+01
1.183609296464760208e+00,1.434284846880682096e+01
8.312313140740013040e-01,1.548707185377754669e+01
1.504948873070033333e+00,1.312105040698431679e+01
1.273273281370153942e+00,1.704226980733289309e+01
6.553902469038785927e-01,1.474035757342747743e+01
-3.818358528199093938e-01,1.432218282083713490e+01
