x,y,size,color
0.690907632780836,0.7721505346460712,5,red
0.7823193350095718,0.8417111928393948,10,blue
0.9257350388045036,0.9507975040319092,5,red
0.1166956592613659,0.1661984311013426,1,red
0.9445146598967454,1.0029261914604723,1,red
0.1871518166152607,0.2000969443821456,10,red
0.7460544797450223,0.7657511108226137,1,blue
0.7938090746182593,0.8932742136050711,1,blue
0.8313841909246547,0.8395020078806034,10,blue
0.828697040964207,0.8369213460960766,5,blue
0.0316873690175726,0.1298350070630939,10,blue
0.3381217319457616,0.4200088397421263,1,blue
0.1410267111597698,0.2056322129143552,1,blue
0.3233328843303807,0.3583834933119645,10,red
0.8562369216183547,0.928833860192836,10,red
0.0466824140842038,0.0514937265156273,5,red
0.0878979198999035,0.1723164574977223,1,blue
0.6542909560132817,0.6890442148429862,10,blue
0.5867158253769684,0.616671598219463,10,blue
0.4360080561628132,0.4796179189642489,5,blue
0.2244829376791236,0.2479012295843189,1,red
0.9960213468523628,1.0669673260202863,10,blue
0.8485867104044743,0.8675732130803613,10,blue
0.1681011261934775,0.1878059491843104,1,blue
0.5000386563313172,0.546939016552038,10,blue
0.4275616074862735,0.4520867646642075,1,red
0.7475376659965557,0.7824000892617612,1,blue
0.8814995331219135,0.8831383482356868,5,blue
0.2660688575664616,0.3105971749175015,10,red
0.7867944261620601,0.8110397849035911,10,red
0.5926356413952648,0.681801542922341,5,blue
0.57424609174714,0.6444126526719938,10,blue
0.5795102048228385,0.6447641832783183,5,red
0.8933044184813618,0.9567800587449772,10,red
0.4083250782172362,0.4891140549330061,10,blue
0.3217024161578278,0.4146465928762041,5,blue
0.1855481426296606,0.2847260365834048,1,blue
0.3990941366394475,0.415852567489369,1,red
0.631448904275604,0.7266256003410119,10,blue
0.6442867579637505,0.691977438940255,1,blue
0.0817704470546576,0.1586600917395852,1,blue
0.5828673885600945,0.6573126337219188,1,red
0.0739057574483592,0.101942401224383,5,red
0.714982568355649,0.7381057536214092,10,red
0.3107052378022559,0.3157672214222023,10,blue
0.4534424000649526,0.5385359293272614,5,blue
0.9906305965196804,1.0180099909048117,1,blue
0.7187156786902006,0.7622485250962658,5,red
0.2045577773991864,0.2606863203222061,10,red
0.4994802472845099,0.5896831194194416,1,blue
0.5051323931122185,0.5489635773665539,5,red
0.2689578332450858,0.2741879109102026,1,red
0.6774752813980378,0.704977570509166,1,blue
0.5460987228627551,0.5940600119194727,1,blue
0.5839094503531079,0.6802629714960949,10,red
0.8772163546049742,0.955154785956971,10,blue
0.218695838374241,0.2640785348160822,5,red
0.9412061567520926,0.9869634941241316,1,red
0.4438389136244132,0.4932136630053101,1,blue
0.5786676990308847,0.6647862580262374,5,red
0.3842995982222943,0.4623110394110611,10,blue
0.2058258390897356,0.244265465534462,5,red
0.7237239045832001,0.7428433946938787,10,red
0.2473742502212129,0.3299028700175972,1,red
0.4713580534151284,0.5713263288141432,1,red
0.3401207758712887,0.3545334528101458,1,blue
0.6387932704383356,0.6740405773280389,1,blue
0.6022252485778717,0.6554490155410058,1,red
0.7378958606185477,0.7404314597690709,10,blue
0.7272289711738676,0.7316183167089879,10,red
0.7240390390558891,0.7455629880005693,5,red
0.990674756883416,1.0102669030203288,5,blue
0.0676249873069322,0.1492662539548213,5,blue
0.8338019453954578,0.9240773517956926,1,red
0.4449702993668885,0.4764659784023861,10,red
0.7609453452584537,0.783328040555334,5,red
0.5138006814913055,0.5675515984314817,5,red
0.3610543620323553,0.4202620095642194,5,red
0.5252475427358885,0.5299863926018908,10,blue
0.0177012907423311,0.114868875727083,5,blue
0.798069863370297,0.8460231323585489,10,blue
0.0413215168737549,0.116089193627651,5,red
0.4146093130153434,0.4563302515719838,5,red
0.1899655288257222,0.2119811119902974,5,red
0.2572013903983939,0.3323505946415546,10,red
0.6024966785738911,0.6787904837950183,5,red
0.2712249403601863,0.2918047642999462,10,red
0.0809871708965389,0.1335618649313955,10,blue
0.5261549133278743,0.5575023141613633,5,red
0.944435352809051,1.0081671021231864,10,red
0.5023058662978392,0.5616334685262975,1,red
0.5912123136624522,0.6070027020235177,5,red
0.5883066612536064,0.6701340107989515,5,red
0.7232439075633902,0.8197547628583349,1,blue
0.4692950525663542,0.5222139125117702,5,red
0.7880723169389097,0.7980986801805406,5,blue
0.0068342317284305,0.0192047734381748,10,blue
0.9828787178257932,1.069235486098091,10,red
0.5912948927236698,0.5931098014643623,1,red
0.2213951518770432,0.2532670338523433,1,red
0.0520856923773899,0.0526582134215387,1,red
0.2947805035288597,0.2993100548998109,5,blue
0.5822400960719094,0.6447056786844313,10,red
0.9238013625926031,0.9976331646674296,1,red
0.8919073671492599,0.9827757355256403,10,red
0.1014149887984228,0.1042418217081955,5,blue
0.2254463697991942,0.316120325298569,1,blue
0.0382955032282155,0.1303792281364384,1,red
0.9423548720147576,1.0114543336018866,5,red
0.9531046168725846,0.96549530880399,1,red
0.9684567340200334,1.0671632343338602,5,blue
0.1284570408344435,0.2244963511269166,5,blue
0.2803920578352036,0.3578448914466778,1,red
0.6029655351456085,0.6582570726486292,10,red
0.4309752326269611,0.4460349211657284,10,blue
0.274433472898682,0.3656042660092768,5,red
0.8000362632598931,0.849600673623608,5,blue
0.9403838739210568,0.9502411727057268,5,blue
0.4961632328459706,0.5395933489753906,5,red
0.38032615454617,0.3876398601762818,5,red
0.3011600229253452,0.3384372976189846,10,blue
0.6278285190906912,0.7259782002674878,1,blue
0.629037524130845,0.7263214772170375,1,blue
0.3348449677270392,0.40074253487248,10,red
0.7830901438770843,0.8545144981320802,10,blue
0.7497657529578172,0.7853298856757482,5,red
0.8701426810660535,0.9109486910062252,5,blue
0.7033470286223592,0.7909465142415736,5,blue
0.6043481335762741,0.6482579638322593,1,red
0.7666835971700655,0.7767860404992528,10,blue
0.6721504720994697,0.6728288953588553,1,red
0.9755992913973914,1.045501628988741,5,red
0.3659808459754924,0.4033645001360322,5,blue
0.3947015365025343,0.4811317562538493,10,red
0.406086894834457,0.4490139819394727,5,red
0.7539347919725217,0.7998782018542946,1,red
0.5681591237468769,0.6313992214245537,5,red
0.7435992954205454,0.8126242290597038,10,red
0.1797407835981344,0.2092146951553569,10,blue
0.843901248038427,0.8807764695134823,1,red
0.1928710019005545,0.2564337418303111,5,red
0.3081715343948618,0.3950450046582415,10,red
0.7655563041445929,0.8409445764973764,10,blue
0.4044799618612676,0.4561196790115387,1,blue
0.3656537603655504,0.3853841169500761,10,red
0.1362686515648147,0.1556730897486295,1,blue
0.5866269046405709,0.608555183731575,1,red
0.6115467465020253,0.6471780279625605,1,red
0.8341058895180472,0.9042804089098004,1,blue
0.8346912997138232,0.8985027187681859,1,blue
0.0215591976068088,0.0951251379189816,1,blue
0.7754751653013319,0.7985204235618606,10,blue
0.636845150111197,0.6563910161696827,5,red
0.6642921358189093,0.6845207129560683,10,red
0.4672189226247721,0.4743460405984058,1,red
0.4231599540508085,0.4975148975120983,5,red
0.4526378386664426,0.5300272755462655,10,blue
0.6340716945699569,0.6717405212945632,5,blue
0.5821700324410003,0.6364873481055062,1,blue
0.5398144815555248,0.5533327401697583,1,blue
0.1031690397042303,0.1305350214971541,1,red
0.2187145170244252,0.274422511893991,5,red
0.5930970518087183,0.631818471786589,5,red
0.3215360169142087,0.3344915469736453,5,red
0.8236244368061892,0.9014522192272744,1,red
0.2695561117975165,0.3649803658889284,5,red
0.39773615425522,0.4486421061427011,10,red
0.0438995139005498,0.056951862831107,1,red
0.7069460236872753,0.7775833305988787,5,blue
0.890491698555167,0.933081688941667,10,blue
0.0935530865457729,0.1470647742215112,10,blue
0.3953544978443026,0.4774726988181512,10,red
0.6764293965408839,0.7501237311978383,1,blue
0.5474096709812613,0.5477571737571265,10,red
0.9591393086677212,1.0200334284283965,1,red
0.3479390839723005,0.3584174511552488,10,red
0.0213458369853335,0.0240225379661191,10,blue
0.3631556448449556,0.3831596492680742,5,red
0.5899007774850803,0.6558548948358931,10,red
0.4787095737942817,0.5460516917238947,10,blue
0.6307289216720091,0.6504237436452374,5,blue
0.455194287083286,0.4569743398333707,5,blue
0.3604033028715048,0.4428980522645385,1,blue
0.7274020173775728,0.753210333698608,10,blue
0.8330037761072512,0.855795514485461,10,red
0.9184442596053088,0.980580344466763,10,blue
0.1442311211008627,0.2138551913221265,10,red
0.2448997940148973,0.2518645748168267,10,red
0.389940678635205,0.4882498528351598,5,blue
0.6833973469151264,0.76138374874768,1,red
0.3307210498153057,0.3321265436964221,1,red
0.2161615568384406,0.2357147568105245,10,blue
0.4929555085961155,0.5153197731382639,5,red
0.0064468342181205,0.082128982553193,5,blue
0.5572986085807342,0.6388439624234103,1,blue
0.0353392725109513,0.1077202995659125,5,red
0.6417468202590815,0.7000868947216295,1,red
0.5026249634308619,0.579278088508651,1,blue
0.4163101717540257,0.4430321988074189,10,red
0.2731009771797046,0.2973398736118524,1,red
0.9916887426116426,1.0671556941697722,5,blue
0.7045408324000892,0.7061686942670424,1,red
0.9882129416143388,1.0645651997484282,1,blue
0.6864777319252108,0.6946989617697976,10,blue
0.817665149888246,0.8671655997875933,10,red
0.790131271300566,0.8183934467345269,1,blue
0.8685676807868747,0.8756052843709123,10,red
0.7391799973171689,0.767115612097118,5,blue
0.5431209409688763,0.6157631811154642,10,blue
0.2162031151464198,0.2929029918423832,10,red
0.6722823686908967,0.7693259024581698,1,red
0.8567143615452292,0.9094346623803248,10,blue
0.4900072199354249,0.5232484141482884,1,blue
0.2694643667948088,0.3274487502606547,1,red
0.559813253066582,0.5726092064288143,10,red
0.6553504844872557,0.6968833937555733,10,red
0.685383251307158,0.7540765005136749,1,blue
0.0056374666911165,0.052898546363253,5,blue
0.4863730957625771,0.5125321516967942,1,blue
0.1893279401056861,0.1962352832879551,1,blue
0.638782202685995,0.6999611565979612,10,red
0.9922594455519632,1.046621368001303,10,blue
0.0618452153595803,0.0735755591570119,10,red
0.0482277820051331,0.076877903562251,5,blue
0.5289301969397208,0.5446275757257483,10,red
0.662911039445463,0.7158302921591659,5,blue
0.6941196521202323,0.7198155684529481,1,red
0.5750410959421148,0.6606821780311456,10,red
0.2623712912528529,0.2959240547041898,10,blue
0.9144773312333128,0.9539652725851,5,red
0.0538817997671624,0.1227047371715507,10,blue
0.4671313353711067,0.4925349447180192,10,blue
0.2098890801196322,0.2850920601598588,1,blue
0.5594973839531883,0.5728179995593209,10,red
0.6591132108643302,0.7257117842339855,5,red
0.5340309596610056,0.580442267839526,1,blue
0.9789673208284302,1.0634242616674303,5,blue
0.9206365133355676,0.9299169514163096,5,red
0.1208162979909416,0.1730831069245674,10,blue
0.4934276987067181,0.5353815008344005,10,blue
0.3044691836320319,0.3582222924347132,10,red
0.6279432847479438,0.6942951611235204,5,red
0.9421902686110226,0.9485918593388984,5,red
0.7264228469687898,0.7939606014495946,10,blue
0.5787750161362695,0.6690186643705445,1,blue
0.026764361939524,0.0953036702144026,5,red
0.0647158490866058,0.1337407208827588,10,blue
0.7915741037821601,0.8682841932624317,10,blue
0.0505328155348967,0.0532359372406707,10,blue
0.0062898153924618,0.1052329216855986,10,blue
0.8540309973641316,0.9480347993777296,1,blue
0.1419967252449985,0.2348334534088021,1,blue
0.7183386390675314,0.8002777171440248,10,blue
0.4606832087053136,0.4874002551985131,5,blue
0.4485161037658584,0.4539679380506043,1,blue
0.7715218392536903,0.8348922471557819,10,blue
0.6430295693230744,0.7323026163424993,5,blue
0.97185388936533,1.039188598215592,5,red
0.2836743875364523,0.2879078838345715,10,blue
0.0647639298365774,0.1268519537514416,5,blue
0.1514340082650462,0.2300724138333634,5,blue
0.0581484822210018,0.070399433170399,5,red
0.7428510733089356,0.8111511530480167,10,red
0.3268700904992243,0.3765576108689145,1,red
0.5591918414594022,0.6113498027893236,1,blue
0.173717103123254,0.2488353969805482,10,blue
0.7789960854730377,0.8177656166228878,1,red
0.1309847785131934,0.1601250988951531,1,red
0.1479466573524893,0.1795637004940817,1,red
0.939812226040128,1.0368883493896377,1,blue
0.3084719484626295,0.3343741760644877,5,red
0.0958456534744772,0.1404075057354963,10,red
0.999310821095296,1.02665798527414,1,blue
0.9550744399586176,1.0105319288832595,5,red
0.0828711355446365,0.0957416953052797,5,red
0.3086522228433522,0.3832312377841542,10,red
0.3995313561770529,0.4781048177058743,10,red
0.2680202669882258,0.2724716713858595,5,blue
0.3248569537824988,0.358356482630044,1,blue
0.2252371249563285,0.290962352305081,5,red
0.1160759403112652,0.1729750112217274,1,blue
0.0104351797529989,0.0652029109887915,5,blue
0.3221476165741842,0.3838755543469855,1,blue
0.9259043312640384,0.9937663882592151,10,red
0.1674706714075827,0.1704728514618503,5,blue
0.6102553683035572,0.6347690080633988,1,blue
0.9251544565149836,0.9381312284330549,5,blue
0.2162580799367021,0.2762357936268587,10,red
0.7079973381950689,0.7716065229642239,5,red
0.5773499112438462,0.6727620277260843,1,blue
0.5931038781342993,0.6822781209605046,10,red
0.2319084933750296,0.2890962212607816,5,red
0.2650304014627098,0.332973101807351,1,red
0.9066402043423132,0.9552769831942848,10,red
0.793149473558319,0.8550492558399744,10,red
0.1563367437689314,0.1614143659725965,1,red
0.0192609552603882,0.0376495422241177,10,blue
0.3929108951024797,0.4760218685270668,5,blue
0.7942182558272208,0.8185684756885534,1,red
0.0694513328787581,0.143119662469841,5,blue
0.2027092850321363,0.2249138403678233,5,red
0.4246211897748509,0.4309820348021965,10,red
0.255208936663963,0.3209552693323702,1,red
0.6899847697859653,0.7401114107182121,1,red
0.5779128628046616,0.6727580022656798,10,red
0.8617370450791605,0.9302237285063194,10,red
0.2190748815216331,0.3061472436391825,5,red
0.0279289642917929,0.1134398020485279,5,red
0.0227168967855067,0.0799340397298141,5,blue
0.8869344959131562,0.9374812578195806,10,red
0.6004462607364914,0.6621117611048212,10,blue
0.679810154012558,0.6831733049604858,5,red
0.5774063435338922,0.6706595475475496,10,red
0.8789140022391209,0.9780319810728904,5,red
0.6622036687582104,0.6753035795416955,5,red
0.2172529338702722,0.2577729484578792,1,blue
0.5262213765665809,0.5321949361837685,5,blue
0.275210109642547,0.3326513380487155,5,red
0.03630763696759,0.0839510643072945,1,blue
0.3087515238761192,0.3142605363649536,5,red
0.7146905805253237,0.734971044196516,10,red
0.5021089127209144,0.5154294878926783,1,blue
0.559955701690182,0.5713722474189593,10,blue
0.1149388754848526,0.1685605087450826,10,red
0.0504108451166331,0.1207660395383734,1,red
0.7683559276758025,0.8533293420774049,10,red
0.743339104207481,0.8031243045770836,10,red
0.6370779789687875,0.6876039039329385,5,blue
0.0859350376276363,0.1651059556064389,10,red
0.2459602273101492,0.2624088564478212,1,red
0.98537400499099,1.053874554807037,10,red
0.6359189404386357,0.7008166599492636,1,blue
0.5331273256815111,0.5721388841037368,10,red
0.3476838229506072,0.4168160491388772,5,red
0.3461366118319819,0.4368322704663078,1,red
0.4772816325511779,0.4782144642780463,10,blue
0.3272511091301098,0.4261153762951504,5,blue
0.5199045078162584,0.597629001799962,5,red
0.8971035199797973,0.9752526172660344,5,blue
0.2940282848173662,0.3585458421527007,1,blue
0.7861847539642779,0.8747556176606212,1,red
0.7829512887392669,0.8731189092914208,5,blue
0.51489897418523,0.5293003967440187,1,red
0.7220165903021787,0.8141610053513412,1,red
0.5790330707293232,0.6496636183665627,1,blue
0.7105086658568257,0.7421541154686369,5,red
0.7561412638324031,0.7763347064848551,1,blue
0.8269938031897124,0.8306721291029735,1,red
0.5725025656189997,0.6556845910874247,1,red
0.778476783709362,0.8739321332599701,10,red
0.5729781696056093,0.5935340708863058,1,blue
0.3111586828637118,0.3278294342353528,10,red
0.1504959686620369,0.2106319591210295,1,red
0.6867745721776676,0.753029353212442,5,blue
0.2675871501065832,0.2818635432372846,1,red
0.9535322252091736,1.0048017292745004,10,blue
0.6138723814380616,0.6351361394691472,5,blue
0.4751221517363229,0.5049152563637007,1,red
0.2345748593570016,0.2497485695323072,1,red
0.5935804665867085,0.6445849808615406,10,blue
0.4223216942023768,0.4760743768466521,10,blue
0.9211618203658966,0.9718614828046916,1,blue
0.5993072019047048,0.6120304208753322,10,red
0.1145132470587992,0.1939620417242845,1,blue
0.3951109933270358,0.4621574686743774,1,blue
0.3381103059110526,0.3496352791058742,10,red
0.5865404823978252,0.6405524913386472,10,red
0.7984001323523122,0.8731681591249432,1,blue
0.8691834574533446,0.8830710834808909,10,blue
0.5194499466892228,0.5277634751514512,5,blue
0.9352165796261654,0.9968954169368328,5,red
0.6070167799143825,0.7003479190050077,5,blue
0.2246630453219469,0.3167624963294116,1,blue
0.2972964362715712,0.3154074321609458,1,blue
0.8388851935162364,0.8922274314365782,10,blue
0.4626273056967727,0.5399647795686893,5,blue
0.8443581554434836,0.8912454321205721,10,blue
0.7792986389631544,0.8104176809844935,1,red
0.5972082764141586,0.6780120379378142,5,red
0.8429633615491381,0.9195806634940642,10,blue
0.3174020953140071,0.3946470198270486,10,blue
0.90575193218695,0.9491706080355004,1,blue
0.9904967243830612,1.0284993155743147,5,red
0.9986898558832636,1.0948149474880056,1,red
0.5419247621528809,0.6292524589760127,5,red
0.9638250955437137,1.0470593190112674,1,blue
0.0102823970945229,0.04027829646166,10,red
0.2242076862178739,0.2606098507898514,1,red
0.5271183907234499,0.5512779389344709,5,red
0.2239143727112007,0.2919881587702522,10,red
0.7570778826800864,0.7607687280333509,5,red
0.2049075750217476,0.2902942353945031,5,blue
0.563338627364394,0.6398780776654754,10,red
0.8309088119245714,0.8588612560489584,10,blue
0.1692343071972522,0.2178887722332403,1,red
0.7265138728324538,0.8045113037877566,5,blue
0.8762543952188264,0.895274574415206,10,red
0.9010393395248998,0.9180586933109312,1,blue
0.5458721135669797,0.6116087011593954,10,red
0.7579184118676052,0.7833071639687088,5,red
0.56008417624917,0.634962608144228,5,blue
0.2202176170230553,0.2422745688387428,1,red
0.3553206314572187,0.4232372125618193,5,blue
0.5613795429027358,0.635416727719067,1,blue
0.0928446814861679,0.1393635187021315,10,blue
0.4227816629109908,0.4988856005509443,10,blue
0.6768664929799822,0.7389333856674523,1,red
0.2580361480840489,0.330185389579169,10,blue
0.2687559187361652,0.337965992166983,1,blue
0.3190306643050127,0.3935983666718082,1,blue
0.4491841671797956,0.494561091423232,1,blue
0.3661088667581421,0.3999509293626335,1,blue
0.9991655625848294,1.06814756925428,10,red
0.8568368151013585,0.9284726911440588,10,blue
0.6250279511470926,0.7165573617231782,1,red
0.6954707607080618,0.7679853600633748,5,red
0.6067953898050872,0.6741870338622199,1,red
0.8480640752858031,0.8605297494161682,10,blue
0.3176466670191022,0.3385458916746387,10,blue
0.485605309987254,0.5486827218765156,5,blue
0.8243319990727805,0.8839741052571303,10,blue
0.2425482705255539,0.3010557610325113,10,red
0.7528276809150587,0.8311740723475283,10,red
0.9416476116636462,0.9471846960309176,5,blue
0.7521743490187108,0.8016162211160096,5,red
0.0961848436972181,0.1799499555387325,10,red
0.6978135334540209,0.7948580408442013,10,blue
0.7532817616720042,0.8174419199655948,5,red
0.5881829825007158,0.6425407114708293,5,blue
0.8264775651790577,0.8681127189211109,5,red
0.1001204220888569,0.1251196859959381,1,red
0.32345592391649,0.4130625037775156,1,blue
0.9046779251625754,0.9176413441374072,1,red
0.7090709873698078,0.7703492742650024,5,blue
0.4595078820930973,0.5014413681973414,10,red
0.6984653865089064,0.758485646562006,5,blue
0.8230491797280785,0.9158365853995784,1,red
0.1875229778865454,0.2103396902348372,5,blue
0.5588467692607855,0.6561651347614342,5,red
0.7653878643256579,0.7917266270392939,5,blue
0.8403807438360849,0.8547360714382926,1,blue
0.7272547009589609,0.7333658233937255,10,blue
0.4154444432761368,0.4334301999350785,10,red
0.7942210944190969,0.8938146426130177,1,red
0.0055312911400219,0.0531750124607825,10,red
0.0816478724752305,0.1612283174233831,5,red
0.7938858442149611,0.8527586317533299,10,blue
0.935844332496938,0.961907346379017,1,blue
0.3720741455661499,0.4242552109366885,5,blue
0.3480618833228791,0.3681662447101594,10,blue
0.6191931407984134,0.6199580313647587,10,red
0.0463649999199189,0.1158929268574143,5,red
0.7988828507320472,0.8260003476619494,5,red
0.1534034769218001,0.2441308100330224,5,blue
0.486439249204231,0.5224545394745932,10,red
0.8901930983149076,0.939255539715054,5,red
0.820176480411614,0.8498356491779737,10,blue
0.3959504525809459,0.4251693854562468,10,red
0.0383356382257104,0.0895859063100686,10,blue
0.0236878765370194,0.1017669455043575,1,blue
0.7347701363604096,0.7787090221353029,10,red
0.8933998137644199,0.9117061887512824,10,red
0.7762795618944928,0.845160106438633,10,red
0.3996087542171549,0.4029355288045057,1,blue
0.1344007481869276,0.2070872343052256,5,red
0.3932260346099693,0.4735562838385979,1,blue
0.5041140697608539,0.5086130213659239,5,red
0.7788643552192438,0.8619561506817565,10,red
0.6655993523187053,0.7564473210862112,5,blue
0.0450281928553134,0.1407880368293591,1,red
0.9756419618386196,1.015357402199469,1,red
0.0312405207523897,0.0909722085738152,10,blue
0.4903108628273659,0.4926846785283426,10,red
0.3353957950977456,0.4188927845654132,10,red
0.8767069509214992,0.9057280269995444,1,blue
0.9742433102998252,0.9804419842793932,5,red
0.6172887606645988,0.6434655203587127,10,red
0.0780070966381847,0.1477409971310565,1,blue
0.6440213202575269,0.686724258815539,10,blue
0.2103633781538044,0.257892019484722,1,red
0.537800297876303,0.6283833092872537,5,red
0.0657736438174426,0.0713685047352715,1,red
0.6270447297177248,0.641042735071997,1,blue
0.3644574788097742,0.3811087296416705,10,blue
0.2127337306064373,0.2938189081995842,5,blue
0.2437135726392719,0.3176952590279722,5,blue
0.7361244370602351,0.751427829161991,1,red
0.6767573338480887,0.7094230506202421,10,red
0.9801788770292976,0.9983742800616756,5,blue
0.7110517040811474,0.762780861775965,1,red
0.6895003141240962,0.6925427774352518,5,red
0.6568797392405255,0.6782779439821384,5,blue
0.4197564986542312,0.4639010871506886,1,blue
0.5068744935900064,0.5852100629071715,5,blue
0.3140874767809792,0.3160819719165496,10,red
0.0912645213158512,0.1827541496156158,5,blue
0.2821079297551513,0.3406413953753217,1,red
0.7158726460035243,0.726659109789331,5,blue
0.4789179406153941,0.4934050976846629,1,blue
0.2763081299726039,0.2996242033370722,1,red
0.8190948577493211,0.8722330220735268,1,blue
0.3257658894995583,0.3645511877105143,1,red
0.0327560175020815,0.0908752276715379,1,blue
0.5183367804774118,0.5985074887416166,5,red
0.276306585576491,0.3068730817429579,5,blue
0.5096331755665515,0.5837266749435768,10,blue
0.7107181220478272,0.7702939802661637,1,red
0.9219361162790938,0.98689756970529,5,red
0.5462423266879598,0.6366433664492628,5,blue
0.1305900205629931,0.1856353582357682,10,red
0.0896138072126742,0.1786496762579879,1,red
0.9323677136272264,1.0072125508904766,1,red
0.1904519515122037,0.2193682532410695,1,blue
0.898950344281902,0.9193009840054078,5,blue
0.5294078310634398,0.5302763179371712,1,blue
0.9380062333601954,0.990608920983954,10,blue
0.8066509030099954,0.8585170600450156,10,blue
0.7224085965698891,0.8185691441005346,1,blue
0.4443641471966116,0.5198362809430397,1,blue
0.7677752510513256,0.8254031851212124,10,red
0.2643909286357901,0.2667622168151795,1,blue
0.023686650365456,0.0628114726889264,1,blue
0.7802869933868405,0.7908560513088319,1,red
0.1071004619430363,0.2068799897970387,1,blue
0.7866296007561332,0.8162815303882288,1,red
0.4517501369213612,0.5494337446962939,10,blue
0.3382745348623822,0.4215299303456948,1,red
0.3122254394088528,0.3572258486966657,10,blue
0.2130577960156193,0.2809046379463457,10,red
0.7496014839485762,0.762924555842093,10,blue
0.0231278746909734,0.0940331200032247,10,red
0.3069607707029901,0.355461743883005,10,blue
0.3063528412101043,0.3207930291038827,5,blue
0.1480496717994692,0.1714887707121955,5,blue
0.4829699081866468,0.4883751867074763,1,blue
0.2716973068261125,0.3544637325414735,5,red
0.8205899508559309,0.8338479851733637,10,blue
0.7580129903788301,0.7714427251115464,10,red
0.0337611644201102,0.1118616242884786,5,red
0.8823580601898706,0.9609083316328154,10,red
0.7333637537694603,0.7471881305640835,10,blue
0.6882574573840988,0.7274940976977605,10,red
0.339866240575576,0.3536953926344542,1,red
0.4434298541795334,0.5217044025030775,1,blue
0.7835964440275696,0.8630684179365022,10,red
0.219452713610958,0.2330373324933916,10,red
0.0637142636446135,0.1011176218589712,5,blue
0.6020865638687803,0.6116116425360332,10,blue
0.5238509180909969,0.5830331483663768,5,red
0.3339109220178999,0.4162763778407438,5,blue
0.5098788411741006,0.6076480450124169,5,red
0.5846726916010628,0.6775986395639851,5,red
0.0786846535753246,0.1536756950733054,5,red
0.5084521992705631,0.5794595711673964,1,blue
0.5818703381580979,0.5955439040878455,5,red
0.0525676876261791,0.0613653687187274,1,blue
0.2869727368243714,0.3500797923842944,5,blue
0.4574898613943194,0.482855586075465,5,blue
0.9352197472262784,0.9575982172709956,5,red
0.8040519880845246,0.8394456721631063,5,blue
0.994279636861416,1.032342818276441,5,blue
0.9715814417118658,1.0219244059179895,10,red
0.746758612400914,0.7797462064822372,1,red
0.447042620178704,0.5362162591928519,1,blue
0.9594653148923324,0.99307403115875,1,blue
0.7513056442136553,0.7837499587599775,10,red
0.2660831039308017,0.3242418959263631,1,red
0.9330384918231872,0.9510993089056128,5,blue
0.0614635977233207,0.0733099893937533,10,blue
0.5382052612779581,0.6327161862359882,1,red
0.50308421767388,0.5612887995080958,10,red
0.7403913700773342,0.7545777557662501,5,red
0.7057620809283808,0.7426937136551863,10,red
0.5203399443663813,0.559831380832745,1,blue
0.2878493816299479,0.3841553940555758,10,red
0.0510763957649349,0.0778707189821152,5,red
0.6051557947879991,0.6869849598843571,1,blue
0.2044274954254173,0.2511432263851376,10,blue
0.7735892910592463,0.7914059496933467,5,red
0.5363211103138521,0.5501579998582609,10,blue
0.9143632101159248,0.9254771100109322,1,blue
0.368817238050366,0.4077508346515541,10,blue
0.3185902643269881,0.4159487333598706,5,red
0.1119933267965326,0.1888306585013506,10,blue
0.1305962062454937,0.1344061757287385,1,blue
0.6268366983101843,0.6395209449121185,1,red
0.7073682735007516,0.7713006643160571,10,red
0.7587614710850892,0.7901882469913761,1,blue
0.1565919396349991,0.2501498587214509,10,blue
0.6809376026227381,0.69171149982339,1,red
0.0031814981225215,0.0090658887272131,5,blue
0.5776598914100336,0.6120533109314102,1,red
0.3073089955024691,0.3491495983353237,1,blue
0.6078691728830022,0.7021135282269921,5,blue
0.8138894205082756,0.9019355005845466,10,blue
0.1923510530947331,0.2203337727841293,10,red
0.9902120683980756,1.0812409939424283,5,blue
0.5574913202429657,0.6471010310628059,5,blue
0.9722015695494064,1.040734761395847,5,red
0.3729267352726219,0.3810736674990009,1,red
0.299142852932569,0.3909720173456402,10,blue
0.6871927369193237,0.7177671482649766,1,blue
0.1071012397854533,0.1547966831352618,5,red
0.2185019174578932,0.2980696243897091,1,blue
0.8316781373426493,0.9160591902005434,10,blue
0.9544447136201194,0.9895858228198242,5,red
0.4917902931174341,0.5732387026592741,10,red
0.018650884326709,0.0551115680245487,5,red
0.8455026022655481,0.9173871785217126,5,blue
0.1164930252147377,0.1451329560910544,1,red
0.6570054768546535,0.6661761686326182,10,red
0.4044119740563537,0.4600812683871479,5,red
0.1719235003064375,0.1971616849374324,10,blue
0.1064738289221649,0.1380722892094916,10,red
0.2114976972733858,0.2175143322280178,5,blue
0.01100825405838,0.0225563165239893,1,blue
0.2118031346535273,0.2378802855769434,10,blue
0.0367602191840565,0.0522603688990998,10,blue
0.8381326000828575,0.9059961804690876,10,red
0.5930876235713249,0.6488199358207285,10,red
0.4125675989948287,0.5067327728799318,1,red
0.0605349056936329,0.1562801075464308,10,red
0.4769467658372487,0.5104543529800012,1,blue
0.6062459863017449,0.6768960021684541,5,blue
0.6116608076148669,0.7065562127978744,1,red
0.7358731093376101,0.7414593206606742,1,blue
0.2687711227532005,0.2788089137486436,1,blue
0.380015948307995,0.4413389507390559,1,blue
0.4512093725843588,0.451582477198032,5,red
0.1508006765184708,0.2008454842655806,10,red
0.2859176372895733,0.2977736871583691,5,blue
0.9706723066087408,1.0052568651402058,1,blue
0.3445043381329087,0.4232836872129311,5,blue
0.5204124249879156,0.5873869202710933,10,red
0.1924847144502529,0.2295366851085243,10,blue
0.5110791414253943,0.5618878554327761,5,red
0.5951609194690578,0.6366792310717052,1,blue
0.9083566836211046,0.9249677451111304,1,blue
0.3529296735813515,0.4337281079244199,10,blue
0.7005023201177653,0.7674986292495213,5,red
0.4903058184657394,0.4920248522877313,10,red
0.1294585447759549,0.1921726347737389,5,red
0.0749930705427885,0.1401929281629744,1,blue
0.1376791769963721,0.1770047202018754,1,blue
0.7098945000419742,0.804395423395021,5,red
0.8861428604878036,0.9163883785336608,10,blue
0.3855680720893467,0.4159382838313397,10,red
0.8088684788432733,0.8099660142350266,5,blue
0.8816787302309511,0.9346458970231906,10,blue
0.8729244019651001,0.899199862210893,5,blue
0.6734761468257421,0.7590812502728442,1,blue
0.2076539829663916,0.2823821700538634,5,blue
0.3883642863334317,0.4787457126728897,5,blue
0.1771527040947453,0.1978781171442482,1,red
0.3339661378300348,0.4219377657742884,5,blue
0.6408710437491401,0.6525351376480845,5,blue
0.194085580661439,0.2760182503297964,1,blue
0.4753499430256261,0.5332303548887394,10,blue
0.573877575759229,0.6311341062810771,10,red
0.9203025578103852,0.9352789490000104,1,blue
0.0136382212195438,0.0674028842129211,5,red
0.7911733279667428,0.8005989027555062,1,blue
0.8483712672131747,0.8794212038315733,10,blue
0.1715982431567299,0.2131533776915081,5,red
0.2854561923085414,0.2953095391592005,5,red
0.4091070052384394,0.4293172164538801,10,red
0.6266510775340235,0.6595117826648729,5,blue
0.6019965560099261,0.6838115972943396,1,blue
0.6948801791556793,0.7050075868393515,10,blue
0.9633602644020526,0.9900615226060154,1,blue
0.4568561610214454,0.4675147409165647,10,red
0.9688448132262392,1.0287530640435667,5,red
0.97860853976216,1.06577561909241,1,blue
0.8184587482008012,0.8972472701827559,10,red
0.1742864263791189,0.2091585435374869,5,red
0.5113397832829188,0.5927737664908164,10,red
0.058408491362374,0.0804084470538791,10,red
0.4259758048809647,0.4704185616311036,10,red
0.8716537977746377,0.8798328962404927,5,red
0.0861113548876267,0.1711768375362365,1,blue
0.3889327896151902,0.4640409825683473,5,red
0.9862614562671728,1.0161983913211003,1,blue
0.4596509585670413,0.5506953365399831,10,red
0.9862713675305612,1.083896586013493,10,blue
0.616515254023161,0.6701252980137502,1,blue
0.87259842834168,0.914375647754792,10,blue
0.8946708428511373,0.9629323155690516,5,red
0.1086189125064911,0.1194474177894599,5,blue
0.0515133750974943,0.092542908877977,10,red
0.3085530900254972,0.3391912709378457,10,blue
0.2773866063537189,0.334642522378672,10,blue
0.1665405867392894,0.18478602571006,1,blue
0.810287369848218,0.8570962227632368,5,red
0.2334948170332718,0.3222284553249747,5,red
0.3290128610403665,0.3838360047329308,1,blue
0.3837430936097278,0.4107942190069637,5,blue
0.4423101139909504,0.4526359734674934,5,red
0.7492760207054142,0.7870292208844298,10,blue
0.8457833289967617,0.8600072626981027,1,red
0.4199223428890344,0.4587860191368424,10,blue
0.0454515172209992,0.1029416870338403,1,blue
0.4619224773281145,0.5609016900556039,10,red
0.6556682325898512,0.7477146225987414,10,red
0.2941668824238854,0.3687788776564287,1,red
0.0546991366799113,0.1365132010488533,10,red
0.487190528990993,0.5351898775418952,5,red
0.9567157254588322,1.0438196845768983,1,red
0.2354701190342333,0.2670191851008597,1,blue
0.8067010663970131,0.877424335973716,10,red
0.7888560774828832,0.8591346952019216,5,blue
0.1016179076978801,0.187659406620839,5,red
0.4204974952833473,0.4966771740929004,5,red
0.2854422811932332,0.3781610423083067,5,blue
0.3295902820526961,0.3378438306583194,10,red
0.48968744360392,0.5181955539610195,5,red
0.2887337738287253,0.3381841316638226,10,red
0.779575677113587,0.7964802360866298,5,blue
0.2537130370347694,0.2872611497045533,1,blue
0.6542932629600713,0.7317844025930713,10,red
0.0984204400252595,0.1267224896789303,5,blue
0.0129471740277093,0.0373283351993164,10,blue
0.992133707367575,1.0211574617713255,5,red
0.678710937365603,0.7511147330806934,5,red
0.5148253483973283,0.5480537814915496,5,blue
0.5889215427932537,0.657687174538398,10,red
0.1136347280346471,0.163398337561981,5,red
0.0709298986025046,0.0872032385299906,1,blue
0.7274511769574346,0.7297522514658463,1,blue
0.8700151529235534,0.88820663346181,10,blue
0.48134353947979,0.556966195154427,5,red
0.0735161253802134,0.1203796695966169,5,blue
0.3031274250658462,0.3291068405484368,5,red
0.3835411622458282,0.4214657973311715,1,red
0.1180004199184956,0.1339150089449284,10,blue
0.3140043265110234,0.3627508957609258,10,red
0.0815552994675434,0.1014333413137246,1,red
0.8947107992132116,0.93564071026453,1,red
0.9072075972905204,0.9860671852543808,1,blue
0.952426313421781,1.021101515982714,1,red
0.8519103370001583,0.889713195368879,5,blue
0.6612608920142602,0.7406276359126278,10,blue
0.8416554157733384,0.9285534787900044,10,blue
0.1542095247330477,0.1642556282076339,1,red
0.0716849468666466,0.1661766129108251,10,red
0.8155106907175775,0.8706918874795673,10,red
0.9238520024623708,0.9314795472156776,10,blue
0.92569270684124,1.0188631903745418,5,red
0.5832068988708369,0.6465088649664983,5,red
0.9916309086565064,1.0873965144519335,10,blue
0.6538555513018967,0.679110750170092,1,blue
0.7238941519025762,0.7768864393241196,5,blue
0.2063980373254857,0.2942558433837909,10,blue
0.1261278168020431,0.190541660336195,10,blue
0.5864913233788812,0.6717314889330531,5,blue
0.48763614429025,0.5465718786800104,5,red
0.5399498780232201,0.6002784486448008,5,red
0.35669408410801,0.4146472094181669,5,blue
0.7408958508561392,0.8068238300188262,1,blue
0.0097853118287947,0.1045654747090877,5,red
0.0407614522472474,0.0570205447411935,5,blue
0.8112155272389092,0.8473969319268142,5,red
0.6688087159944648,0.6791074971907898,5,blue
0.8723318678938892,0.9363613847950812,10,red
0.7515463205783702,0.8466778611809418,1,blue
0.0827197639003705,0.1090039232667404,5,red
0.3542221662786295,0.4442297850296489,5,red
0.7228700959025596,0.7841747274517817,5,blue
0.0613759844476172,0.0631638509586764,1,red
0.1834819399940712,0.1853557008758737,1,red
0.9164326706049007,0.9742815874380876,10,red
0.6859998255731686,0.6866181551886201,1,red
0.9953644289358504,0.9981809934788054,10,blue
0.4087907648096123,0.4272593547077605,1,blue
0.0608425776944391,0.1373159452931704,5,red
0.3207592779062282,0.3570148618772535,1,blue
0.0443134513103368,0.1204201137796739,10,blue
0.5187151478013869,0.6140346609991933,5,blue
0.8211863256294194,0.8474315039254748,10,red
0.9263350193855344,0.9770398836553216,10,blue
0.0678241684083443,0.1373754434537342,1,red
0.8575481877900731,0.9371004163708788,1,blue
0.6089504143185251,0.6972979726072073,10,red
0.2426005780115218,0.2719526835762909,10,blue
0.8577368932721162,0.9332410838197532,10,blue
0.8666651248077964,0.9604260199402628,10,blue
0.8498171511233362,0.8906801537949067,1,blue
0.692467070830573,0.7098105110452225,1,blue
0.952562316806944,0.977419431349806,10,red
0.2619147331383061,0.3185939256245976,5,blue
0.6513675172641619,0.7160612201003117,5,blue
0.4671839837263967,0.5558927029240498,10,red
0.659600624451111,0.7231704126673313,1,blue
0.7977004974505683,0.8584976130814734,5,blue
0.6389714972946188,0.727616194900116,5,red
0.0905808105564028,0.1750852789087976,5,red
0.7959083937017233,0.8157324542720403,1,red
0.852597141003275,0.8949015926262979,1,red
0.7876160376452115,0.805370376469538,10,blue
0.2814451291109612,0.2981670475807505,5,blue
0.6343068388361776,0.6842226034601959,5,blue
0.1223103746872665,0.1336258966727503,1,blue
0.7026777814353274,0.7128344550323429,5,red
0.9035763007598848,1.0031171908336571,1,blue
0.8239010524568154,0.8905980846320241,5,blue
0.45862460997513,0.5514164689140234,10,blue
0.4139116695609257,0.4633691516250521,5,blue
0.4828250709524037,0.4845039502700066,1,blue
0.0089947725827572,0.0156169999158841,1,red
0.338585408411421,0.4135222281396413,1,blue
0.346304738956477,0.4325885760408652,10,blue
0.1044791264109176,0.1313833540083137,5,blue
0.5263007071875744,0.5810174361620192,5,red
0.2338856940911527,0.2641728370314287,5,red
0.001265930281397,0.0069770575731618,5,blue
0.553706577635131,0.5903200471526887,10,blue
0.3481788027824953,0.3551750702858394,10,red
0.4764181221453759,0.5104079854894618,1,red
0.355083694930392,0.4225122032675366,5,blue
0.4231457174147994,0.4986021002013977,5,red
0.9809194876116492,1.068736791475826,1,red
0.5472685733859756,0.6314978350324124,5,red
0.2885002475561798,0.3621125130106801,10,blue
0.7358651935597916,0.8049019841298766,10,blue
0.924462236511278,0.970500015038194,5,red
0.2073297083826643,0.2686981644786994,5,red
0.0186344339616563,0.1110102033975454,1,blue
0.5658009496681987,0.6427868271973316,10,blue
0.7052750111485999,0.7424030665572678,5,blue
0.077914305115903,0.163902844154496,5,red
0.2247454347922413,0.3036987022034864,1,blue
0.2309812507831037,0.2948137436721795,1,red
0.0229615079949792,0.0234153005455635,1,blue
0.578166280022478,0.6474624677185962,1,red
0.8665578137648638,0.957497283491644,10,red
0.7214832162629139,0.7225321173372267,1,red
0.4450865000836348,0.4837928050189619,1,red
0.0854770079674847,0.1695765077102821,10,blue
0.0350813556539658,0.0972724118432365,1,red
0.0287552784498189,0.0708348733811503,5,blue
0.1116595731449936,0.1923065503292379,5,blue
0.9708081176161842,1.0481429373232969,5,red
0.6137985662118766,0.6422214849686068,1,red
0.4247224617062312,0.4499797392048769,1,red
0.5626313378003935,0.6094113150382602,1,red
0.9344905916519296,0.993783123256304,10,red
0.0069756222257938,0.0481214458123902,5,red
0.0973215325222146,0.1200960509215437,1,blue
0.411441076872782,0.4180998427314157,10,red
0.9928036728491754,1.0715154800010227,10,red
0.7452342932653567,0.800680771366405,5,red
0.9095383381029836,0.9686555455598558,5,red
0.7119673793071318,0.7460709339000267,1,blue
0.818103017299228,0.8290370927432721,5,blue
0.4881627004923528,0.5100302852841367,1,red
0.2871909351986279,0.3359616595122009,5,blue
0.4914319832214158,0.5307680929319425,5,red
0.6312054359341774,0.665199368109576,10,blue
0.7979162201654336,0.8084187243361591,1,red
0.8725317668850334,0.9511927303808754,1,red
0.5362191306342203,0.5711469873371864,1,red
0.1840547377468658,0.2607323082108244,1,red
0.2012535755926242,0.2355424573692487,1,red
0.1442373986466335,0.2349067718647332,10,red
0.3749562870495255,0.4380230798591397,10,red
0.9105602429570672,0.933096229353206,5,blue
0.3453993460268358,0.4284122360265887,1,red
0.6166113427976969,0.7001278413853814,5,red
0.07707724864411,0.1368549089818076,5,red
0.5747264687229732,0.5914879369411625,1,red
0.0252528785878222,0.0370206027268786,1,red
0.0158963576175527,0.1070569109089148,1,blue
0.963784739262714,1.018803541175924,1,red
0.9525354769569884,1.005039970895997,10,blue
0.0828698405395477,0.1126068155958074,1,red
0.8081731229279349,0.8855483920344478,5,red
0.1229560180379747,0.196055077611038,5,blue
0.578098005694426,0.6288933979090195,1,blue
0.6850103653718095,0.719407479120157,1,red
0.7143771272336857,0.8130452147923406,5,blue
0.4932433607245367,0.5855481676288535,5,red
0.4918888021157765,0.5147042554870055,5,blue
0.7703103914008526,0.8211677296912105,1,blue
0.9118392637226108,0.9137513853205924,5,blue
0.8207302701561551,0.9191719543191454,10,blue
0.5734143168319409,0.5850205918139025,5,blue
0.2848628371059479,0.3356971004884046,10,red
0.8244481978810112,0.8825098224319251,10,blue
0.8467159300219821,0.9024307208394844,5,red
0.8573554663654627,0.950631110735524,5,blue
0.3722445318910687,0.4141120227867811,5,red
0.3123823482412493,0.3858853626554466,10,red
0.5672897523821769,0.5814205568094183,5,blue
0.8925042079340374,0.969712102992798,5,blue
0.8631656578268494,0.934821974124946,10,blue
0.7624038498185484,0.7900427891875565,5,blue
0.7141955365288607,0.800201670463216,10,red
0.4836816743848448,0.5046272111921758,5,blue
0.3096210775924357,0.357758104934503,10,blue
0.5352950073638814,0.6140249690086349,10,blue
0.3908359564725847,0.4333798183640129,5,blue
0.9159159030379248,0.9984500614703984,10,blue
0.1948760317384676,0.2570978975289449,5,red
0.7553664094523599,0.8340109468391533,10,blue
0.3691256520982683,0.449585358357594,10,blue
0.4564574943701449,0.4839579576718406,1,blue
0.3264779175364448,0.4135932216966341,5,blue
0.2915524463736468,0.3611539007626878,1,blue
0.1510486221257041,0.1857160379020155,1,blue
0.9848537419465028,1.0209688203027854,10,red
0.7109132128047412,0.7699877524569378,10,red
0.5188656446666456,0.5637667712267086,1,red
0.6508159714697809,0.7035324679245547,10,blue
0.2093114451110403,0.2953046031230599,1,red
0.9343507929959258,1.00959052143255,10,blue
0.3730115403573607,0.37379378000456,10,blue
0.0391105479485944,0.1256665027932068,1,red
0.3324459945082396,0.363150106782759,5,red
0.7844818582320121,0.8813534490097383,10,blue
0.897547139229683,0.9931215088529446,1,blue
0.964197357031766,1.0199568537687882,1,red
0.1103008875967112,0.2013955091895315,1,blue
0.2522396638421884,0.2912492982559984,10,red
0.5644408014088155,0.5753415083744065,5,blue
0.92561593598128,0.9898973616068338,5,blue
0.1511885345767341,0.1955360613787475,10,red
0.71870531657544,0.7763222270229649,5,blue
0.9808366364496952,0.9995519408081592,10,red
0.5548981339103782,0.5955464643787173,1,red
0.2706515361739646,0.3030324661166881,10,blue
0.3854750267744683,0.4054415789620901,10,red
0.951460257764863,1.0243197676793236,5,red
0.9170434910526976,0.9442315959381192,1,red
0.4167449081536716,0.4390782018112237,10,red
0.3510363458657007,0.4189352187705114,10,red
0.3266763466570835,0.3722027780261406,5,red
0.9776767559243896,1.0714636523796666,10,red
0.6254018994005525,0.7172673256094411,1,red
0.7744790946367673,0.8115687058174158,10,blue
0.1589710222901864,0.2029482027768883,10,blue
0.4769400856809955,0.5295990965803646,1,blue
0.279854609105589,0.3275969136171869,1,blue
0.7406549816149333,0.8089783031021697,10,blue
0.4457465885854872,0.5123319757310444,5,red
0.6115911806735311,0.6464458362770134,5,blue
0.9220982056187684,1.0102640399997258,1,red
0.9171910671058984,0.960637040969252,1,red
0.2878479457216445,0.3789073981060972,5,red
0.2331495070421192,0.3053594297898837,5,blue
0.8312047498224072,0.8906318822023005,1,blue
0.8801569142828285,0.9260707527859564,5,blue
0.6159662025328099,0.6198300456803243,10,red
0.1455583054224147,0.2431614550521194,5,red
0.5906912253469455,0.6839834676795868,1,red
0.349688403524211,0.3678377516895899,1,blue
0.7600563159931968,0.8337497505739265,1,blue
0.4512360037143011,0.5035582396937953,10,blue
0.3144824113068893,0.3535596160750907,10,red
0.3520583746318935,0.3891958212036567,10,blue
0.3196201309960876,0.4105231112318235,1,red
0.2498726700587243,0.2503810630784805,5,red
0.1731127362216034,0.2520676214225502,10,red
0.8672338172133787,0.8833100075083609,1,blue
0.8601595119183547,0.9278996699546544,1,blue
0.4369346254276413,0.4804388928348112,10,red
0.9793023307610697,1.0580471936996363,1,blue
0.7059657697875402,0.7740599447754734,5,blue
0.6714645830614795,0.733095146357791,10,red
0.2383460004567571,0.26763213668523,1,red
0.0350137994494282,0.0833952203862989,1,blue
0.9589519736394324,1.027880554217439,1,blue
0.4191414980284177,0.5178581581707709,5,blue
0.9654269491356368,1.0563046678370995,1,red
0.6109854792250463,0.6977597252667654,1,blue
0.9075483563141484,0.9124684362197948,5,blue
0.6824661374375335,0.7775784127969244,5,red
0.2194413654678375,0.2283286753428287,1,blue
0.3537365929154727,0.4497280392677584,1,blue
0.3409112123741463,0.3409900032770894,5,blue
0.2913727339580604,0.3249194741622114,10,red
0.1280341409364875,0.1849445848978899,10,red
0.1288608450547365,0.1961782866013486,10,red
0.5912150939102081,0.6299823110043301,10,red
0.0001940452862286,0.0762776659646027,1,red
0.5730848592369447,0.6449803015647745,1,blue
0.1506261807029922,0.1603068009790599,1,red
0.2992952398959255,0.3549682811559435,1,red
0.0544002963514669,0.1202505023879388,5,red
0.5322255734989416,0.5920103250082378,10,blue
0.290339055735442,0.3273758514998852,1,red
0.0477211550569384,0.1415786713673135,1,blue
0.1900341758600955,0.2704072301364434,5,blue
0.6634522399853466,0.7018591834256059,10,blue
0.0116152048012824,0.0420336777096495,5,red
0.2439801130406382,0.3059855664835513,10,blue
0.8165844170209893,0.8718842568868198,10,red
0.0188807157248193,0.0724543980860472,5,blue
0.0364891341281018,0.0383601920946139,10,blue
0.9799368676973442,0.9975377075137878,5,red
0.1118194605811619,0.1839481814555008,10,blue
0.0179776606164256,0.1129177328017267,10,red
